,Topic,Count,Name,Representation,Representative_Docs
0,-1,222,-1_de_vault_la_ad,"['de', 'vault', 'la', 'ad', 'le', 'insee', 'des', 'https', 'hashicorp', 'com']","[""[VAULT] observabilite Accès depuis namespace Kube # Demande d'accès à des secrets Vault depuis un namespace Kube\n\nConsultez:\n- la documentation KubeApp [sur la configuration Kube nécessaire](https://kubernetes.gitlab-pages.insee.fr/kubeapp/documentation/guide_utilisateurs/service_gestion_secrets/secrets_externes/)\n- la documentation IAHS [sur les droits associés à cet accès](https://gitlab.insee.fr/iahs/secrets/documentation/doc-publique/-/wikis/Acc%C3%A8s-Kube)\n\n/!\\ _Lors de la création des droits, il n'y a pas de création de l'arborescence. Celle-ci est créée lors de la création d'un premier secret.\nIl est donc normal à l'initialisation des droits de ne pas trouver le(s) dossier(s) `equipe/dev_*/` ou `<cluster>/<namespace>/*`_ /!\\\n\n## Environnement(s): \n\n**Vault horsprod:**\n- [ ] Kubedev\n\n**Vault prod:**\n- [X] Kubepreprod\n- [X] Kubeprod\n    \n**Vault dmz:**\n- [ ] Kubepreprod\n- [ ] Kubeprod\n- [ ] Kubeppdmz\n- [ ] Kubedmz\n\n## Nom du namespace :\n\n-  projet-observabilite\n\n## Chemins des secrets requis :\n\n> _sous la forme:_ \n>\n> ```<quartier>/<applicatif>``` pour le [coffre exploitant](https://gitlab.insee.fr/iahs/secrets/documentation/doc-publique#coffre-exploitant) (secrets-[horsprod|prodinterne|dmz])\n>\n> _ex:_ ```rh/mouvin```\n>\n> ```<nom-du-coffre>``` pour les [coffres produit](https://gitlab.insee.fr/iahs/secrets/documentation/doc-publique/-/wikis/home/Coffre-produit)\n>\n> _ex:_ ```resil```\n\n- ap/observabilite\n\n---"", ""[VAULT] Demande d'accès depuis KubeDev/KubeProd # Demande d'accès à des secrets Vault depuis un namespace Kube\n\nConsultez:\n\n- la documentation KubeApp [sur la configuration Kube nécessaire](https://kubernetes.gitlab-pages.insee.fr/kubeapp/documentation/guide_utilisateurs/service_gestion_secrets/secrets_externes/)\n- la documentation IAHS [sur les droits associés à cet accès](https://gitlab.insee.fr/iahs/secrets/documentation/doc-publique/-/wikis/Acc%C3%A8s-Kube)\n\n/!\\\\ _Lors de la création des droits, il n'y a pas de création de l'arborescence. Celle-ci est créée lors de la création d'un premier secret. Il est donc normal à l'initialisation des droits de ne pas trouver le(s) dossier(s) `equipe/dev_*/` ou `<cluster>/<namespace>/*`_ /!\\\\\n\n## Environnement(s):\n\n**Vault horsprod:**\n\n- [x] Kubedev\n\n**Vault prod:**\n\n- [ ] Kubepreprod\n- [x] Kubeprod\n\n**Vault dmz:**\n\n- [ ] Kubepreprod\n- [ ] Kubeprod\n- [ ] Kubeppdmz\n- [ ] Kubedmz\n\n## Nom du namespace :\n\n=\\> projet-gardien\n\n## Chemins des secrets requis :\n\n_sous la forme: ut/gardien_\n\n`<quartier>/<applicatif>` pour le [coffre exploitant](https://gitlab.insee.fr/iahs/secrets/documentation/doc-publique#coffre-exploitant) (secrets-\\[horsprod|prodinterne|dmz\\])\n\n_ex:_ `rh/mouvin`\n\n`<nom-du-coffre>` pour les [coffres produit](https://gitlab.insee.fr/iahs/secrets/documentation/doc-publique/-/wikis/home/Coffre-produit)\n\n_ex:_ `resil`\n\n=\\>"", ""[VAULT] Accès depuis namespace Kube projet-nautile # Demande d'accès à des secrets Vault depuis un namespace Kube\n\nConsultez:\n- la documentation KubeApp [sur la configuration Kube nécessaire](https://kubernetes.gitlab-pages.insee.fr/kubeapp/documentation/guide_utilisateurs/service_gestion_secrets/secrets_externes/)\n- la documentation IAHS [sur les droits associés à cet accès](https://gitlab.insee.fr/iahs/secrets/documentation/doc-publique/-/wikis/Acc%C3%A8s-Kube)\n\n/!\\ _Lors de la création des droits, il n'y a pas de création de l'arborescence. Celle-ci est créée lors de la création d'un premier secret.\nIl est donc normal à l'initialisation des droits de ne pas trouver le(s) dossier(s) `equipe/dev_*/` ou `<cluster>/<namespace>/*`_ /!\\\n\n## Environnement(s): \n\n**Vault horsprod:**\n- [ ] Kubedev\n\n**Vault prod:**\n- [x] Kubepreprod\n- [x] Kubeprod\n    \n**Vault dmz:**\n- [ ] Kubepreprod\n- [ ] Kubeprod\n- [ ] Kubeppdmz\n- [ ] Kubedmz\n\n## Nom du namespace :\n\n-  \n\n## Chemins des secrets requis :\n\n> _sous la forme:_ \n>\n> ```<quartier>/<applicatif>``` pour le [coffre exploitant](https://gitlab.insee.fr/iahs/secrets/documentation/doc-publique#coffre-exploitant) (secrets-[horsprod|prodinterne|dmz])\n>\n> _ex:_ ```rh/mouvin```\n>\n> ```<nom-du-coffre>``` pour les [coffres produit](https://gitlab.insee.fr/iahs/secrets/documentation/doc-publique/-/wikis/home/Coffre-produit)\n>\n> _ex:_ ```resil```\n\n- \n\n---""]"
1,0,119,0_secrets_vault_accès_gestion,"['secrets', 'vault', 'accès', 'gestion', 'exploitant', 'coffre', 'équipe', 'horsprod', 'autoriser', 'applicative']","[""[VAULT] Droits d'accès sur Vault # Demande d'accès à Vault pour une équipe applicative\n\nL'accès mis en place est détaillé ici: [Gestion des secrets du coffre exploitant](https://gitlab.insee.fr/iahs/secrets/documentation/doc-publique/-/wikis/Gestion-des-acc%C3%A8s-du-coffre-exploitant)\n\n## Application\n\n- Quartier: RH\n- Nom de l'application: APIRH\n- Groupe SUGOI à autoriser ou créer: dev_gestion_secrets_APIRH\n\n## Environnement: \n\n- [X] Vault horsprod (secrets-horsprod)\n- [X] Vault prod (secrets-prodinterne)\n- [X] Vault dmz (secrets-dmz)"", ""[VAULT] Droits d'accès sur Vault # Demande d'accès à Vault pour une équipe applicative\n\nL'accès mis en place est détaillé ici: [Gestion des secrets du coffre exploitant](https://gitlab.insee.fr/iahs/secrets/documentation/doc-publique/-/wikis/Gestion-des-acc%C3%A8s-du-coffre-exploitant)\n\n## Application\n\n- Quartier: **rp**\n- Nom de l'application: **odic**\n- Groupe SUGOI à autoriser ou créer: dev_gestion_secrets_odic\n\n## Environnement: \n\n- [x] Vault horsprod (secrets-horsprod)\n- [x] Vault prod (secrets-prodinterne)\n- [ ] Vault dmz (secrets-dmz)"", ""[VAULT] Droits d'accès sur Vault # Demande d'accès à Vault pour une équipe applicative\n\nL'accès mis en place est détaillé ici: [Gestion des secrets du coffre exploitant](https://gitlab.insee.fr/iahs/secrets/documentation/doc-publique/-/wikis/Gestion-des-acc%C3%A8s-du-coffre-exploitant)\n\n## Application\n\n- Quartier: st\n- Nom de l'application: rmes\n- Groupe SUGOI à autoriser ou créer: RMESGNCS\n\n## Environnement: \n\n- [ ] Vault horsprod (secrets-horsprod)\n- [x] Vault prod (secrets-prodinterne)\n- [ ] Vault dmz (secrets-dmz)""]"
2,1,73,1_client_api_une_service,"['client', 'api', 'une', 'service', 'autre', 'compte', 'swagger', 'depuis', 'côté', 'keycloak']","['[KEYCLOAK] Nouveau client BRPP3 Demande pour la création d\'un client Keycloak\n\nRole de client :\n 1. [ ] Authentification utilisateur depuis une application éxécutée côté serveur (notamment : tomcat, apache en reverse-proxy authentifiant)\n 2. [ ] Authentification client depuis une application éxécuté côté navigateur (type javascript Y COMPRIS SWAGGER)\n 3. [X] Compte de service (connexion à une api protégée par OIDC depuis un batch ou une autre API)\n\n(Les api n\'ont pas besoins de client déclarés sur keycloak autre que pour l\'usage du swagger)\n\nInstance de keycloak concernée :  \n* de test (auth.insee.test)  \n* et de production interne (auth.insee.fr)  \n\nRealm : agent-insee-interne\n\nNom souhaité du client (nom de l\'application, dans le cas 3. le compte sera suffixé par ""-service""): brpp-service   \n\nUrls de redirection (pour les cas 1. et 2.) :', '[KEYCLOAK] Nouveau client api-oscar Demande pour la création d\'un client Keycloak\n\nRole de client :\n 1. [ ] Authentification utilisateur depuis une application éxécutée côté serveur (notamment : tomcat, apache en reverse-proxy authentifiant)\n 2. [ ] Authentification client depuis une application éxécuté côté navigateur (type javascript Y COMPRIS SWAGGER)\n 3. [x] Compte de service (connexion à une api protégée par OIDC depuis un batch ou une autre API)\n\n(Les api n\'ont pas besoins de client déclarés sur keycloak autre que pour l\'usage du swagger)\n\nInstance de keycloak concernée : auth.insee.fr\n\nRealm : agents-insee-interne\n\nNom souhaité du client (nom de l\'application, dans le cas 3. le compte sera suffixé par ""-service""): observabilite-service\n\nUrls de redirection (pour les cas 1. et 2.) :', '[PERRET] Demande pour la création d\'un client Keycloak : Compte de service Demande pour la création d\'un client Keycloak\n\nRole de client :\n 1. [ ] Authentification utilisateur depuis une application éxécutée côté serveur (notamment : tomcat, apache en reverse-proxy authentifiant)\n 2. [ ] Authentification client depuis une application éxécuté côté navigateur (type javascript Y COMPRIS SWAGGER)\n 3. [X] Compte de service (connexion à une api protégée par OIDC depuis un batch ou une autre API)\n\n(Les api n\'ont pas besoins de client déclarés sur keycloak autre que pour l\'usage du swagger)\n\nInstance de keycloak concernée : https://auth.insee.test/auth\n\nRealm : agents-insee-interne\n\nNom souhaité du client (nom de l\'application, dans le cas 3. le compte sera suffixé par ""-service""): perret\n\nUrls de redirection (pour les cas 1. et 2.) :']"
3,2,69,2_keycloak_auth_client_relatives,"['keycloak', 'auth', 'client', 'relatives', 'authentification', 'insee', 'clients', 'aux', 'fr', 'secret']","['création d\'un client Keycloak API-KUBEAPP ## Demande de création d\'un client Keycloak\n\n### Documentation:\n\n- [Documentation Keycloak](https://gitlab.insee.fr/iahs/authentification/documentation-keycloak)\n- [Règles relatives aux clients](https://gitlab.insee.fr/iahs/authentification/documentation-keycloak/-/wikis/S%C3%A9curit%C3%A9/R%C3%A8gles-relatives-aux-clients)\n- [Règles relatives aux scopes](https://gitlab.insee.fr/iahs/authentification/documentation-keycloak/-/wikis/S%C3%A9curit%C3%A9/R%C3%A8gles-relatives-aux-scopes)\n\n## Role de client :\n\n 1. [] Authentification utilisateur depuis une application éxécutée côté serveur (notamment : tomcat, apache en reverse-proxy authentifiant)\n 2. [x] Authentification client depuis une application éxécuté côté navigateur (type javascript Y COMPRIS SWAGGER)\n 3. [ ] Compte de service (connexion à une api protégée par OIDC depuis un batch ou une autre API)\n\n(Les api n\'ont pas besoins de client déclarés sur keycloak autre que pour l\'usage du swagger)\n\n## Instance de keycloak concernée :\n\n- [x] auth.insee.test (qf z50)\n- [ ] auth.insee.fr (prod z50)\n- [ ] beta.auth.insee.net (beta z0)\n- [ ] auth.insee.net (prod z0)\n- [ ] auth.le-recensement-et-moi.fr (RP z0)\n- [ ] auth.insee.rie.gouv.fr (prod z25) \n- [ ] auth.mgmt2.kube.adsia.sia.priv (qf z100)\n- [ ] auth.mgmt1.kube.adsia.sia.priv (prod z100)\n\n## Realm :\n\n- agents-insee-interne\n\n## Nom souhaité du client :\n*(nom de l\'application, dans le cas 3. le compte sera suffixé par ""-service"")*\n\n- `kubeapp-api`\n\n## Urls de redirection (pour les cas 1. et 2.) :\n\n- `api-kubeapp.developpement.insee.fr`\n\n## Quartier et application Vault pour l\'écriture du secret (cas 1 et 3)\n\nSauf indication contraire, le secret sera écrit dans le vault indiqué dans le chemin:\n\n`secret-<horsprod|prodinterne|dmz>/<quartier>/<appli>/equipe/IAHS/keycloak/<realm>/<nom_du_client>` dans la clé `client_secret`\n\n(cf. [documentation](https://gitlab.insee.fr/iahs/authentification/documentation-keycloak/-/wikis/S%C3%A9curit%C3%A9/R%C3%A8gles-relatives-aux-clients#transmission-du-secret))\n\n- vault\n  - [ ] vault-horsprod\n  - [ ] vault-prod\n  - [ ] vault-dmz\n- quartier:\n  - =>\n- appli:\n  - =>\n\n\n---', 'Demande de création d\'un compte de service ## Demande de création d\'un client Keycloak\n\n### Documentation:\n\n- [Documentation Keycloak](https://iahs.gitlab-pages.insee.fr/Offre%20authentification/Keycloak/)\n- [Règles relatives aux clients](https://iahs.gitlab-pages.insee.fr/Offre%20authentification/Keycloak/Regles/Clients/)\n- [Règles relatives aux scopes](https://iahs.gitlab-pages.insee.fr/Offre%20authentification/Keycloak/Regles/Scopes/)\n\n## Role de client :\n\n 1. [ ] Authentification utilisateur depuis une application éxécutée côté serveur (notamment : tomcat, apache en reverse-proxy authentifiant)\n 2. [ ] Authentification client depuis une application éxécuté côté navigateur (type javascript Y COMPRIS SWAGGER)\n 3. [x] Compte de service (connexion à une api protégée par OIDC depuis un batch ou une autre API)\n\n(Les api n\'ont pas besoins de client déclarés sur keycloak autre que pour l\'usage du swagger)\n\n## Instance de keycloak concernée :\n\n- [x] auth.insee.test (qf z50)\n- [x] auth.insee.fr (prod z50)\n- [ ] beta.auth.insee.net (beta z0)\n- [ ] auth.insee.net (prod z0)\n- [ ] auth.le-recensement-et-moi.fr (RP z0)\n- [ ] auth.insee.rie.gouv.fr (prod z25) \n- [ ] auth.mgmt2.kube.adsia.sia.priv (qf z100)\n- [ ] auth.mgmt1.kube.adsia.sia.priv (prod z100)\n\n## Realm :\n\n- agents-insee-interne\n\n## Nom souhaité du client :\n*(nom de l\'application, dans le cas 3. le compte sera suffixé par ""-service"")*\n\n-p7\n\n## Urls de redirection (pour les cas 1. et 2.) :\n\n-\n\n## Quartier et application Vault pour l\'écriture du secret (cas 1 et 3)\n\nSauf indication contraire, le secret sera écrit dans le vault indiqué dans le chemin:\n\n`secret-<horsprod|prodinterne|dmz>/<quartier>/<appli>/equipe/IAHS/keycloak/<realm>/<nom_du_client>` dans la clé `client_secret`\n\n(cf. [documentation](https://iahs.gitlab-pages.insee.fr/Offre%20authentification/Keycloak/Regles/Clients/#transmission-du-secret))\n\n- vault\n  - [ ] vault-horsprod\n  - [ ] vault-prod\n  - [ ] vault-dmz\n- quartier:\n  - => rp\n- appli:\n  - => p7\n\n\n---', '[KEYCLOAK] Nouveau client Rapsodie pour accès AM3DS ## Demande de création d\'un client Keycloak\n\n### Documentation:\n\n- [Documentation Keycloak](https://iahs.gitlab-pages.insee.fr/Offre%20authentification/Keycloak/)\n- [Règles relatives aux clients](https://iahs.gitlab-pages.insee.fr/Offre%20authentification/Keycloak/Regles/Clients/)\n- [Règles relatives aux scopes](https://iahs.gitlab-pages.insee.fr/Offre%20authentification/Keycloak/Regles/Scopes/)\n\n## Role de client :\n\n 1. [ ] Authentification utilisateur depuis une application éxécutée côté serveur (notamment : tomcat, apache en reverse-proxy authentifiant)\n 2. [ ] Authentification client depuis une application éxécuté côté navigateur (type javascript Y COMPRIS SWAGGER)\n 3. [ ] Compte de service (connexion à une api protégée par OIDC depuis un batch ou une autre API)\n\n(Les api n\'ont pas besoins de client déclarés sur keycloak autre que pour l\'usage du swagger)\n\n## Instance de keycloak concernée :\n\n- [ ] auth.insee.test (qf z50)\n- [ ] auth.insee.fr (prod z50)\n- [ ] beta.auth.insee.net (beta z0)\n- [ ] auth.insee.net (prod z0)\n- [ ] auth.le-recensement-et-moi.fr (RP z0)\n- [ ] auth.insee.rie.gouv.fr (prod z25) \n- [ ] auth.mgmt2.kube.adsia.sia.priv (qf z100)\n- [ ] auth.mgmt1.kube.adsia.sia.priv (prod z100)\n\n## Realm :\n\n-\n\n## Nom souhaité du client :\n*(nom de l\'application, dans le cas 3. le compte sera suffixé par ""-service"")*\n\n-\n\n## Urls de redirection (pour les cas 1. et 2.) :\n\n-\n\n## Quartier et application Vault pour l\'écriture du secret (cas 1 et 3)\n\nSauf indication contraire, le secret sera écrit dans le vault indiqué dans le chemin:\n\n`secret-<horsprod|prodinterne|dmz>/<quartier>/<appli>/equipe/IAHS/keycloak/<realm>/<nom_du_client>` dans la clé `client_secret`\n\n(cf. [documentation](https://iahs.gitlab-pages.insee.fr/Offre%20authentification/Keycloak/Regles/Clients/#transmission-du-secret))\n\n- vault\n  - [ ] vault-horsprod\n  - [ ] vault-prod\n  - [ ] vault-dmz\n- quartier:\n  - =>\n- appli:\n  - =>\n\n\n---']"
4,3,61,3_résulte_un_opération_demande,"['résulte', 'un', 'opération', 'demande', 'si', 'ou', 'dysfonctionnement', 'requête', 'incident', 'planifiée']","[""[Keycloak] Création d'un compte de service ERA Merci de choisir le template d'issue le plus adapté (Via le champ juste au dessus)\n\n- Demande générale : pour demander à réaliser une opération immédiate ou planifiée, qui ne résulte pas d'un dysfonctionnement\n- Demande de changement d'url d'un cient Keycloak : si la demande concerne spécifiquement cette opération\n- Déclaration d'incident : si votre requête résulte de l'observation d'un dysfocntionnement ou d'une régression sur un de nos service"", ""Mise à jour Keycloak 26.1.0 Merci de choisir le template d'issue le plus adapté (Via le champ juste au dessus)\n\n- Demande générale : pour demander à réaliser une opération immédiate ou planifiée, qui ne résulte pas d'un dysfonctionnement\n- Demande de changement d'url d'un cient Keycloak : si la demande concerne spécifiquement cette opération\n- Déclaration d'incident : si votre requête résulte de l'observation d'un dysfocntionnement ou d'une régression sur un de nos service"", ""[Vault] Percona Merci de choisir le template d'issue le plus adapté (Via le champ juste au dessus)\n\n- Demande générale : pour demander à réaliser une opération immédiate ou planifiée, qui ne résulte pas d'un dysfonctionnement\n- Demande de changement d'url d'un cient Keycloak : si la demande concerne spécifiquement cette opération\n- Déclaration d'incident : si votre requête résulte de l'observation d'un dysfocntionnement ou d'une régression sur un de nos service""]"
5,4,43,4_de_mot_passe_service,"['de', 'mot', 'passe', 'service', 'keycloak', 'le', 'en', 'dans', 'concerné', 'la']","['[Sugoi / Keycloak] API de modification de mot de passe Bonjour,\n\nDans le cadre de l\'API Sirene (et plus généralement de Gravitee), on développe une API de modification de mot de passe qui appelle l\'API Sugoi.\n\nEn manipulant le [swagger ](https://api.gestion-comptes-utilisateurs.recette.insee.fr/swagger-ui/index.html)et plus précisément l\'[API de modification de mot de passe](https://api.gestion-comptes-utilisateurs.recette.insee.fr/swagger-ui/index.html#/Manage%20credentials/changePassword_2) (realm wso), il semble que l\'API Sugoi contrôle :\n\n* Des règles générales sur `newPassword` (12 caractères, 1 majuscule, 1 minuscule, 1 chiffre, 1 caractère spécial) -\\> 409\n* Vérification que le `oldPassword` est bien celui de l\'annuaire. -\\> 403\n\nToutefois, il semble que les **règles de mot de passe définies dans keycloak** et présentes dans la mire Keycloak ne sont pas appliquées dans l\'annuaire. (on ne bénéficie pas de ces règles dans Sugoi).\n\n* Le constat est-il correct ?\n* Avez vous des préconisations sur l\'implémentation de notre API ?\n\nMerci par avance,\n\nCordialement,\n\nRonan Le Graët\n\nAPI Sirene/SNDIN\n\nKeycloak : apim-gravitee - 8 caractères (différents de l\'implémentation de Sugoi -\\> 12)\n\n![image.png](/uploads/3ee70e4c00fa4942a09cafc69ad3e32a/image.png){width=""688"" height=""384""}\n\n~Demande', ""[ESTANP]Compte de service Service concerné (Vault, keycloak, sugoi, AD, ...) : keycloak\n\nDescription de la demande :\n\nBonjour,\n\nPour l'application Estanp nous avons un compte de service en production, qui s'appelle `estanp-service` ce compte doit avoir les droits sur l'application Estanpille (rôle CONSULTANT_ESTANPILLE).\n\nIl semblerait que cela ait bien été mis pour la [création](https://gitlab.insee.fr/iahs/incidents-et-gestion-courante/-/issues/799), mais j'obtiens toujours une erreur 401 en utilisant ce token pour appeler l'application Estanpille. Pouvez-vous me dire a quels groupes appartient ce compte de service?\n\nDe plus, dans le ticket de création il est indiqué que la clé est `client_secret`, mais elle n'est pas trouvé par kube, sauf si je la note `client-secret`.\n\n\nMerci pour votre aide,\n\nAgathe"", 'Problème de modification d\'un mot de passe Bonjour,\n\nJ’ai utilisé le script pour modifier le mot de passe pour l’idep YRH5F4 qui a été créé pour une QOE dans le nouvel espace d’observabilité.\nEn effet, il y avait un guillemet et c’était la source d’un problème pour une identification keycloak.\n\nJ’ai donc utilisé le mot de passe que tu as donné en exemple car ceux que je donnais ne marchait jamais.\nDonc le script a bien marché la première fois !\n\nMaintenant, j’aimerais de nouveau le changer et j’ai toujours une erreur\n\n******************************************************************************\n*  Password of ad.insee.intra\\YRH5F4 has not been updated\n*  Possible reasons:                                                         *\n*  1 - Wrong password if Password expiration has been detected               *\n*  2 - Minimum password age not reached. PwdLastSet 06/11/2025 13:55:59      *\n*  3 - Password complexity not meet                                          *\n\n\nJ’utilise la commande suivante :\n\n.\\Change-password.ps1 ad.insee.intra\\YRH5F4 ""Nouv3au@Mot{(DeP@sse"" ""EsaneQoeMonitor{(Esane@5!""\n\n\nLe problème ne vient pas de la valeur de l’ancien mot de passe (cas 1) ou du nouveau pas assez complexe (cas 3) car \nsi je mets un mauvais ancien mot de passe ou un nouveau mot de passe pas assez complexe , le script me l’indique.\n\nJ’ai attendu plusieurs jours pour m’assurer que je ne suis pas dans le cas 2.\nDonc aucun des cas listés n’expliquent que le script ne marche pas.\n\nEst-ce que tu peux regarder ?\nJe n’ai pas mis tout le monde en copie car je donne le mot de passe de YRH5F4 mais je peux transférer ce message à quelqu’un d’autre si tu t’occupes plus de cela.\n\nMerci\n\nBonne journée.\n\n\n\nDe : Wasylyszyn Brice <brice.wasylyszyn@insee.fr> \nEnvoyé : vendredi 31 janvier 2025 10:03\nÀ : :DSI-Assistance-aux-Utilisateurs <contact-utilisateurs-informatique@insee.fr>; :DSI-Poste-de-Travail-et-Serveur-d-Etablissement <dsi-pdt@insee.fr>; :DSI-Infrastructure-Developpement-Deploiement-Application <dsi-idda@insee.fr>; :DSI-Systeme-Infrastructure-Administration-Systeme-Information <dsi-systeme@insee.fr>; :DSI-Administration-des-Reseaux <dsi-reseaux@insee.fr>\nCc : :DSI-Infrastructure-Authentification-Habilitations-Secrets <dsi-ahs@insee.fr>; Dufaure Clément <clement.dufaure@insee.fr>; De Loitière Laurent <laurent.de-loitiere@insee.fr>\nObjet : Modification d\'un mot de passe des domaines Active Directory\n\nBonjour,\n\nAfin de simplifier et d’automatiser le processus de changement de mot de passe des comptes Active Directory voici un script en pièce jointe :\n\n•\tSi il est lancé du SIP, avec un compte SIP, il permet de changer le mot de passe d\'un compte du SIP dont le mot de passe actuel est connu\n•\tSi il est lancé du SIA, avec un compte SIA, SIAR ou SIAN, il permet de changer le mot de passe d’un compte du SIA dont le mot de passe actuel est connu \n•\tSi il est lancé du SIA, avec un compte SIPN, il permet de changer le mot de passe d’un compte du SIA, ou du SIP, dont le mot de passe actuel est connu (le compte SIPN utilisé doit être autorisé à s’authentifier sur les contrôleurs de domine des domaines d’approbation pour modifier le mot de passe des comptes du SIP)\n\nJ’ai testé le script à plusieurs reprises sans rencontrer de problème particulier. J’ai également testé la modification d’un mot de passe devant être changé à la prochaine ouverture de session, c’est-à-dire équivalent à « expiré », et je n’ai pas non plus rencontré de problème (j’indique dans le résultat du script que la validation des credentials ne peut être effectuée car le mot de passe a expiré).\n\nPour utiliser ce script il faut: \n1.\tTélécharger le fichier puis le renommer en *.ps1 \n2.\tAvoir les outils RSAT sur la machine (disponible dans le Centre Logiciel ou en général déjà présent sur les serveurs d’admin)\n3.\tAutoriser l’exécution des scripts sur la machine (lancer la commande ci-contre si les scripts sont bloqués : Set-ExecutionPolicy -execution remotesigned -scope currentuser)\n\nUne fois que ces 3 points sont vérifiés vous pouvez soit lancer le script et remplir les champs Utilisateur, Mot de passe actuel et Nouveau mot de passe à la demande, soit les passer en argument en utilisant la commande suivante :\n\n.\\Change-password.ps1 domain.com\\idep ""MotdePasseActuel"" ""NouveauMotdePasse""\n\nPar exemple :\n.\\Change-password.ps1 ad.insee.intra\\r_tnplgr ""1AQW2ZSX`""edc`\'rfv"" ""Nouv3au@Mot{(DeP@sse""\n(Le caractère d’échappement pour les caractères spéciaux est le `, dans l’exemple il est présent à deux reprises)\n\nLe ""NouveauMotdePasse"" doit contenir 20 caractères : vous pouvez choisir d’en générer un automatiquement en remplaçant ""NouveauMotdePasse"" par la lettre g. Si vous ne précisez rien, ou que la valeur est inférieure à 20 caractères, alors il vous sera proposé d’en saisir un manuellement ou d’en choisir un aléatoire. Pour le moment le script ne contient pas de vérification de la complexité du mot de passe (c’est-à-dire 3 des 4 types de caractères) mais cette amélioration pourra venir ultérieurement.\n\nPour finir voici l’exemple d’un changement de mot de passe où tout se passe bien :\n\n \n\nVoici maintenant l’exemple de modification d’un mot de passe expiré :\n\n \n\nEt l’exemple de modification d’un mot de passe qui a été changé trop récemment (<2 jours) :\n\n \n\nEt un exemple de tentative de modification alors que le mot de passe actuel est incorrect :\n\n \n\nSi la solution convient aux besoins alors nous pourrons la diffuer plus largement et faire une page sur Git, du coup n’hésitez pas à tester et à nous faire vos retours.\n\nCordialement\nBrice Wasylyszyn\n \nIngénieur concepteur d\'infrastructures Microsoft\nINSEE - Direction Régionale des Pays de la Loire\nSNSSIN - Equipe IAHS\n0240417795']"
6,5,34,5_auth_insee_z0_comment,"['auth', 'insee', 'z0', 'comment', '20de', 'fr', 'prod', 'z100', 'beta', 'z50']","[""[Keycloak] Ajout URL de redirection Perret DV Retrouvez plus de détails sur le remplissage des champs sur cette page : [Comment faire une demande de création ou de modification d'un client](https://gitlab.insee.fr/iahs/authentification/documentation-keycloak/-/wikis/Comment%20faire%20une%20demande%20de%20cr%C3%A9ation%20ou%20de%20modification%20d'un%20client)\n\n\n## Instance de keycloak concernée :\n\n- [X] auth.insee.test (qf z50)\n- [ ] auth.insee.fr (prod z50)\n- [ ] beta.auth.insee.net (beta z0)\n- [ ] auth.insee.net (prod z0)\n- [ ] auth.le-recensement-et-moi.fr (RP z0)\n- [ ] auth.insee.rie.gouv.fr (prod z25) \n- [ ] auth.mgmt2.kube.adsia.sia.priv (qf z100)\n- [ ] auth.mgmt1.kube.adsia.sia.priv (prod z100)\n\n\n## Realm :\n\n- agents-insee-interne\n\n## Client :\n\n- perret\n\n## Url(s) à ajouter :\n\n- https://api-reprise-reponses-enquetes.developpement.insee.fr/*\n\n\n---"", ""[KEYCLOAK] ajout d'url Retrouvez plus de détails sur le remplissage des champs sur cette page : [Comment faire une demande de création ou de modification d'un client](https://gitlab.insee.fr/iahs/authentification/documentation-keycloak/-/wikis/Comment%20faire%20une%20demande%20de%20cr%C3%A9ation%20ou%20de%20modification%20d'un%20client)\n\n\n## Instance de keycloak concernée :\n\n- [ ] auth.insee.test (qf z50)\n- [ ] auth.insee.fr (prod z50)\n- [ ] beta.auth.insee.net (beta z0)\n- [ ] auth.insee.net (prod z0)\n- [ ] auth.le-recensement-et-moi.fr (RP z0)\n- [ ] auth.insee.rie.gouv.fr (prod z25) \n- [ ] auth.mgmt2.kube.adsia.sia.priv (qf z100)\n- [X] auth.mgmt1.kube.adsia.sia.priv (prod z100)\n\n\n## Realm :\n\n- agents-insee-sia attention connexion en SAML\n\n## Client :\n\n- \n\n## Url(s) à ajouter :\n\n- https://observabilite-si.insee.fr\n\n\n---"", ""Keycloak nouveau client Retrouvez plus de détails sur le remplissage des champs sur cette page : [Comment faire une demande de création ou de modification d'un client](https://gitlab.insee.fr/iahs/authentification/documentation-keycloak/-/wikis/Comment%20faire%20une%20demande%20de%20cr%C3%A9ation%20ou%20de%20modification%20d'un%20client)\n\n\n## Instance de keycloak concernée :\n\n- [ ] auth.insee.test (qf z50)\n- [x] auth.insee.fr (prod z50)\n- [ ] beta.auth.insee.net (beta z0)\n- [ ] auth.insee.net (prod z0)\n- [ ] auth.le-recensement-et-moi.fr (RP z0)\n- [ ] auth.insee.rie.gouv.fr (prod z25) \n- [ ] auth.mgmt2.kube.adsia.sia.priv (qf z100)\n- [ ] auth.mgmt1.kube.adsia.sia.priv (prod z100)\n\n\n## Realm :\n\n- agents-insee-interne\n\n## Client :\n\n- perret\n\n## Url(s) à ajouter :\n\n- https://api-reprise-reponses-enquetes.insee.fr (pour le swagger)\n\n\n---""]"
7,6,32,6_20de_rajouter_a9ation_20cr,"['20de', 'rajouter', 'a9ation', '20cr', '20demande', '20faire', '20ou', '20une', '20d', '20modification']","[""[Keycloak] Ajout d'URL Retrouvez plus de détails sur le remplissage des champs sur cette page : https://gitlab.insee.fr/iahs/authentification/documentation-keycloak/-/wikis/Comment%20faire%20une%20demande%20de%20cr%C3%A9ation%20ou%20de%20modification%20d'un%20client\n\nInstance de keycloak concernée :auth.insee.test\n\nRealm :agents-insee-interne\n\nClient :perret\n\nUrls à rajouter :https://perret-api-estanp.recette.insee.fr/ et https://perret-api-controles.recette.insee.fr/"", ""[Keycloak] Ajout URL Retrouvez plus de détails sur le remplissage des champs sur cette page : https://gitlab.insee.fr/iahs/authentification/documentation-keycloak/-/wikis/Comment%20faire%20une%20demande%20de%20cr%C3%A9ation%20ou%20de%20modification%20d'un%20client\n\n\nInstance de keycloak concernée :auth.insee.test\n\nRealm :agents-insee-interne\n\nClient :estanp\n\nUrls à rajouter : https://estanp-api-dv1.recette.insee.fr/"", ""[KEYCLOAK] Ajout d'URLs de redirection Retrouvez plus de détails sur le remplissage des champs sur cette page : https://gitlab.insee.fr/iahs/authentification/documentation-keycloak/-/wikis/Comment%20faire%20une%20demande%20de%20cr%C3%A9ation%20ou%20de%20modification%20d'un%20client\n\n\nInstance de keycloak concernée : auth.insee.test\n\nRealm : agents-insee-interne\n\nClient : genesis\n\nUrls à rajouter : https://api-reponses-enquetes.recette.insee.fr/*""]"
8,7,31,7_vault_cf_de_les,"['vault', 'cf', 'de', 'les', 'concerné', 'service', 'la', 'le', 'dans', 'description']","[""Mise en coherence secret HOMERE - Vault Service concerné (Vault, keycloak, sugoi, AD, ...) : Vault\n\nDescription de la demande : Mettre à jour les chemins des secrets Keycloak et LDAP de l'équipe IAHS.\n\ncf. https://gitlab.insee.fr/iahs/annuaires/documentation-annuaires/-/wikis/Exploitation/Creation-d'un-compte-applicatif-dit-annuaire  \ncf. https://iahs.gitlab-pages.insee.fr/Offre%20secrets/Le%20coffre%20exploitant/Coffre-exploitant/  \ncf. https://iahs.gitlab-pages.insee.fr/Offre%20authentification/Keycloak/Regles/Clients/"", ""Mise en coherence secret CSNS - Vault Service concerné (Vault, keycloak, sugoi, AD, ...) : Vault\n\nDescription de la demande : Mettre à jour les chemins des secrets Keycloak et LDAP de l'équipe IAHS.  \n\ncf. https://gitlab.insee.fr/iahs/annuaires/documentation-annuaires/-/wikis/Exploitation/Creation-d'un-compte-applicatif-dit-annuaire  \ncf. https://iahs.gitlab-pages.insee.fr/Offre%20secrets/Le%20coffre%20exploitant/Coffre-exploitant/  \ncf. https://iahs.gitlab-pages.insee.fr/Offre%20authentification/Keycloak/Regles/Clients/"", ""Mise en coherence secret Elire - Vault Service concerné (Vault, keycloak, sugoi, AD, ...) : Vault\n\nDescription de la demande : Mettre à jour les chemins des secrets Keycloak et LDAP de l'équipe IAHS.  \n\ncf. https://gitlab.insee.fr/iahs/annuaires/documentation-annuaires/-/wikis/Exploitation/Creation-d'un-compte-applicatif-dit-annuaire  \ncf. https://iahs.gitlab-pages.insee.fr/Offre%20secrets/Le%20coffre%20exploitant/Coffre-exploitant/  \ncf. https://iahs.gitlab-pages.insee.fr/Offre%20authentification/Keycloak/Regles/Clients/""]"
9,8,31,8_documentation_secrets_la_coffre,"['documentation', 'secrets', 'la', 'coffre', 'publique', 'droits', 'namespace', 'doc', 'gitlab', 'kubeapp']","[""[Vault] : Demande d'accès depuis kubeProd # Demande d'accès à des secrets Vault depuis un namespace Kube\n\nConsultez:\n\n- la documentation KubeApp [sur la configuration Kube nécessaire](https://kubernetes.gitlab-pages.insee.fr/kubeapp/documentation/guide_utilisateurs/service_gestion_secrets/secrets_externes/)\n- la documentation IAHS [sur les droits associés à cet accès](https://gitlab.insee.fr/iahs/secrets/documentation/doc-publique/-/wikis/Acc%C3%A8s-Kube)\n\n/!\\\\ _Lors de la création des droits, il n'y a pas de création de l'arborescence. Celle-ci est créée lors de la création d'un premier secret. Il est donc normal à l'initialisation des droits de ne pas trouver le(s) dossier(s) `equipe/dev_*/` ou `<cluster>/<namespace>/*`_ /!\\\\\n\n## Environnement(s):\n\n**Vault horsprod:**\n\n- [x] Kubedev\n\n**Vault prod:**\n\n- [ ] Kubepreprod\n- [x] Kubeprod\n\n**Vault dmz:**\n\n- [ ] Kubepreprod\n- [ ] Kubeprod\n- [ ] Kubeppdmz\n- [ ] Kubedmz\n\n## Nom du namespace :\n\n- projet-pilotage\n\n## Chemins des secrets requis :\n\n> _sous la forme: rh/referentielpilot_\n>\n> `<quartier>/<applicatif>` pour le [coffre exploitant](https://gitlab.insee.fr/iahs/secrets/documentation/doc-publique#coffre-exploitant) (secrets-\\[horsprod|prodinterne|dmz\\])\n>\n> _ex:_ `rh/mouvin`\n>\n> `<nom-du-coffre>` pour les [coffres produit](https://gitlab.insee.fr/iahs/secrets/documentation/doc-publique/-/wikis/home/Coffre-produit)\n>\n> _ex:_ `resil`\n\n- \n\n---"", ""[Vault] : Demande d'accès depuis kubeProd # Demande d'accès à des secrets Vault depuis un namespace Kube\n\nConsultez:\n- la documentation KubeApp [sur la configuration Kube nécessaire](https://kubernetes.gitlab-pages.insee.fr/kubeapp/documentation/guide_utilisateurs/service_gestion_secrets/secrets_externes/)\n- la documentation IAHS [sur les droits associés à cet accès](https://gitlab.insee.fr/iahs/secrets/documentation/doc-publique/-/wikis/Acc%C3%A8s-Kube)\n\n/!\\ _Lors de la création des droits, il n'y a pas de création de l'arborescence. Celle-ci est créée lors de la création d'un premier secret.\nIl est donc normal à l'initialisation des droits de ne pas trouver le(s) dossier(s) `equipe/dev_*/` ou `<cluster>/<namespace>/*`_ /!\\\n\n## Environnement(s): \n\n**Vault horsprod:**\n- [ ] Kubedev\n\n**Vault prod:**\n- [ ] Kubepreprod\n- [x] Kubeprod\n    \n**Vault dmz:**\n- [ ] Kubepreprod\n- [ ] Kubeprod\n- [ ] Kubeppdmz\n- [ ] Kubedmz\n\n## Nom du namespace : projet-carriere\n\n=> \n\n## Chemins des secrets requis : \n\n_sous la forme:_ \nrh/parcours\n\n\n\n```<quartier>/<applicatif>``` pour le [coffre exploitant](https://gitlab.insee.fr/iahs/secrets/documentation/doc-publique#coffre-exploitant) (secrets-[horsprod|prodinterne|dmz])\n\n_ex:_ ```rh/mouvin```\n\n```<nom-du-coffre>``` pour les [coffres produit](https://gitlab.insee.fr/iahs/secrets/documentation/doc-publique/-/wikis/home/Coffre-produit)\n\n_ex:_ ```resil```\n\n=>"", ""[VAULT] Droits d'accès sur Vault # Demande d'accès à des secrets Vault depuis un namespace Kube\n\nConsultez:\n- la documentation KubeApp [sur la configuration Kube nécessaire](https://kubernetes.gitlab-pages.insee.fr/kubeapp/documentation/guide_utilisateurs/service_gestion_secrets/secrets_externes/)\n- la documentation IAHS [sur les droits associés à cet accès](https://gitlab.insee.fr/iahs/secrets/documentation/doc-publique/-/wikis/Acc%C3%A8s-Kube)\n\n/!\\ _Lors de la création des droits, il n'y a pas de création de l'arborescence. Celle-ci est créée lors de la création d'un premier secret.\nIl est donc normal à l'initialisation des droits de ne pas trouver le(s) dossier(s) `equipe/dev_*/` ou `<cluster>/<namespace>/*`_ /!\\\n\n## Environnement(s): \n\n**Vault horsprod:**\n- [ ] Kubedev\n\n**Vault prod:**\n- [ ] Kubepreprod\n- [X] Kubeprod\n    \n**Vault dmz:**\n- [ ] Kubepreprod\n- [ ] Kubeprod\n- [ ] Kubeppdmz\n- [ ] Kubedmz\n\n## Nom du namespace :\n\n-  projet-observabilite\n\n## Chemins des secrets requis :\n\n> _sous la forme:_ \n>\n> ```<quartier>/<applicatif>``` pour le [coffre exploitant](https://gitlab.insee.fr/iahs/secrets/documentation/doc-publique#coffre-exploitant) (secrets-[horsprod|prodinterne|dmz])\n>\n> _ex:_ ```rh/mouvin```\n>\n> ```<nom-du-coffre>``` pour les [coffres produit](https://gitlab.insee.fr/iahs/secrets/documentation/doc-publique/-/wikis/home/Coffre-produit)\n>\n> _ex:_ ```resil```\n\n- ap/observabilite\n\n---""]"
10,9,31,9_vault_accès_secrets_groupe,"['vault', 'accès', 'secrets', 'groupe', 'application', 'exploitant', 'dev_ap', 'accessible', 'ex', 'quartier']","[""[VAULT] Droits d'accès sur Vault pour r2d2 # Demande d'accès à Vault pour une équipe applicative\n\nL'accès mis en place est détaillé ici: [Gestion des secrets du coffre exploitant](https://iahs.gitlab-pages.insee.fr/Offre%20secrets/Le%20coffre%20exploitant/Coffre-exploitant/)\n\nLe role sera de la forme dev_\\<quartier\\>-\\<application\\> (ex: dev_ap-gitlab) et accessible aux membres du groupe SUGOI indiqué \n\n---\n\n## Application\n\n- Quartier: \n- Nom de l'application: \n- Groupe SUGOI:\n  - [ ] à créer\n  - [x] existant\n  \n## Environnement: \n\n- [x] Vault horsprod (secrets-horsprod)\n- [ ] Vault prod (secrets-prodinterne)\n- [x] Vault dmz (secrets-dmz)\n\n---"", ""[VAULT] Droits d'accès sur Vault pour edl # Demande d'accès à Vault pour une équipe applicative\n\nL'accès mis en place est détaillé ici: [Gestion des secrets du coffre exploitant](https://iahs.gitlab-pages.insee.fr/Offre%20secrets/Le%20coffre%20exploitant/Coffre-exploitant/)\n\nLe role sera de la forme dev_\\<quartier\\>-\\<application\\> (ex: dev_ap-gitlab) et accessible aux membres du groupe SUGOI indiqué \n\n---\n\n## Application\n\n- Quartier: \n- Nom de l'application: \n- Groupe SUGOI:\n  - [ ] à créer\n  - [x] existant\n  \n## Environnement: \n\n- [x] Vault horsprod (secrets-horsprod)\n- [x] Vault prod (secrets-prodinterne)\n- [ ] Vault dmz (secrets-dmz)\n\n---"", ""[VAULT] Droits d'accès sur Vault # Demande d'accès à Vault pour une équipe applicative\n\nL'accès mis en place est détaillé ici: [Gestion des secrets du coffre exploitant](https://iahs.gitlab-pages.insee.fr/Offre%20secrets/Le%20coffre%20exploitant/Coffre-exploitant/)\n\nLe role sera de la forme dev_\\<quartier\\>-\\<application\\> (ex: dev_ap-gitlab) et accessible aux membres du groupe SUGOI indiqué \n\n---\n\n## Application\n\n- Quartier: \n- Nom de l'application: \n- Groupe SUGOI:\n  - [ ] à créer\n  - [x] existant\n  \n## Environnement: \n\n- [ ] Vault horsprod (secrets-horsprod)\n- [ ] Vault prod (secrets-prodinterne)\n- [x] Vault dmz (secrets-dmz)\n\n---""]"
11,10,30,10_thème_zone_themes_déployer,"['thème', 'zone', 'themes', 'déployer', 'merge', 'déployé', 'béta', 'request', 'quel', 'doit']","['[KEYCLOAK] Mise à jour de thème Demande pour merger un thème et le déployer\n\nLien vers la merge request :\nhttps://gitlab.insee.fr/iahs/authentification/themes-keycloak/keycloak-theme-platine/-/merge_requests/21\n\nSur quel keycloak le thème doit-il être déployé ? \n- [x] recette (zone 50)\n- [ ] béta (zone 0)\n- [ ] prod (zone 0)', '[KEYCLOAK] Mise à jour de thème Demande pour merger un thème et le déployer, ou déployer un thème déjà mergé\n\nLien vers la merge request :\nhttps://gitlab.insee.fr/iahs/authentification/themes-keycloak/keycloak-theme-platine/-/merge_requests/12\n\nSur quel keycloak le thème doit-il être déployé ? \n- [X] recette (zone 50)\n- [ ] béta (zone 0)\n- [ ] prod (zone 0)', '[KEYCLOAK] Mise à jour de thème Demande pour merger un thème et le déployer, ou déployer un thème déjà mergé\n\nLien vers la merge request :\n\nhttps://gitlab.insee.fr/iahs/authentification/themes-keycloak/keycloak-theme-platine/-/merge_requests/9\n\nSur quel keycloak le thème doit-il être déployé ? \n- [ x] recette (zone 50)\n- [ x] béta (zone 0)\n- [ ] prod (zone 0)']"
12,11,29,11_auth_insee_url_fr,"['auth', 'insee', 'url', 'fr', 'z50', 'z0', 'prod', 'arc', 'client', 'test']","[""[metadonnée] Ajout d'une redirection sur deux realm Retrouvez plus de détails sur le remplissage des champs sur cette page : [Comment faire une demande de création ou de modification d'un client](https://iahs.gitlab-pages.insee.fr/Authentification/Keycloak/Demandes/Client/)\n\n\n## Instance de keycloak concernée :\n\n- [x] auth.insee.test (qf z50)\n- [ ] auth.insee.fr (prod z50)\n- [ ] beta.auth.insee.net (beta z0)\n- [ ] auth.insee.net (prod z0)\n- [ ] auth.le-recensement-et-moi.fr (RP z0)\n- [ ] auth.insee.rie.gouv.fr (prod z25) \n- [ ] auth.mgmt2.kube.adsia.sia.priv (qf z100)\n- [ ] auth.mgmt1.kube.adsia.sia.priv (prod z100)\n\n\n## Realm :\n\n- agents-insee-interne\n- agents-ssp-externe\n\n## Client :\n\n- rmesgops\n\n## Url(s) à ajouter :\n\n- https://metadonnees-operations.developpement5.insee.fr/*\n\n\n---"", ""[KEYCLOAK/PILOT] Ajout URL Retrouvez plus de détails sur le remplissage des champs sur cette page : [Comment faire une demande de création ou de modification d'un client](https://iahs.gitlab-pages.insee.fr/Authentification/Keycloak/Demandes/Client/)\n\n\n## Instance de keycloak concernée :\n\n- [X] auth.insee.test (qf z50)\n- [ ] auth.insee.fr (prod z50)\n- [ ] beta.auth.insee.net (beta z0)\n- [ ] auth.insee.net (prod z0)\n- [ ] auth.le-recensement-et-moi.fr (RP z0)\n- [ ] auth.insee.rie.gouv.fr (prod z25) \n- [ ] auth.mgmt2.kube.adsia.sia.priv (qf z100)\n- [ ] auth.mgmt1.kube.adsia.sia.priv (prod z100)\n\n\n## Realm :\n\n- agents-insee-interne\n\n## Client :\n\n- pilot\n\n## Url(s) à ajouter :\n\n- pilot.developpement2.insee.fr\n\n\n---"", ""Ajout d'une uri de redirection Retrouvez plus de détails sur le remplissage des champs sur cette page : [Comment faire une demande de création ou de modification d'un client](https://iahs.gitlab-pages.insee.fr/Authentification/Keycloak/Demandes/Client/)\n\n\n## Instance de keycloak concernée :\n\n- [ ] auth.insee.test (qf z50)\n- [x] auth.insee.fr (prod z50)\n- [ ] beta.auth.insee.net (beta z0)\n- [ ] auth.insee.net (prod z0)\n- [ ] auth.le-recensement-et-moi.fr (RP z0)\n- [ ] auth.insee.rie.gouv.fr (prod z25) \n- [ ] auth.mgmt2.kube.adsia.sia.priv (qf z100)\n- [ ] auth.mgmt1.kube.adsia.sia.priv (prod z100)\n\n\n## Realm :\n\n- agents-insee-interne\n\n## Client :\n\n- sirene4-frontend\n\n## Url(s) à ajouter :\n\n- https://services-declaration-sirene.formation.insee.fr/*\n\n\n---""]"
13,12,28,12_in_by_auth_terraform,"['in', 'by', 'auth', 'terraform', 'keycloak', 'coltrane', 'insee', 'passif', 'actif', 'fr']","['[Keycloak] Upgrade 26.3.5 ### VM\n\n- [x] auth.insee.test (qf z50)\n  - [x] actif\n  - [x] passif\n- [x] auth.insee.fr (prod z50)\n  - [x] actif\n  - [x] passif\n- [x] beta.auth.insee.net (beta z0)\n- [x] auth.insee.net (prod z0)\n  - [x] actif\n  - [x] passif\n- [x] auth.le-recensement-et-moi.fr (RP z0)\n- [x] auth.insee.rie.gouv.fr (prod z25) \n- [x] auth-messagerie.insee.fr\n- [x] auth-mfa.insee.fr\n- [x] auth-poc.recette.insee.fr\n\n### Kube (update vers 26.4.0)\n\n- [x] keycloak-tf-poc.insee.fr\n- [x] auth.mgmt1.kube.adsia.sia.priv (prod z100)\n- [x] auth.mgmt2.kube.adsia.sia.priv (qf z100)\n- [x] auth-certificats.insee.fr\n\nhttps://gitlab.insee.fr/dsi/suivi-alertes-securite/gestion-menace-cyber/-/issues/1236', '[Keycloak] Upgrade 26.5.3 https://gitlab.insee.fr/iahs/authentification/documentation-keycloak/-/wikis/MOP-Mise-a-jour-Version-keycloak\n\n### VM\n\n- [x] auth.insee.test (qf z50)\n  - [x] actif\n  - [ ] passif\n- [x] auth.insee.fr (prod z50)\n  - [x] actif\n  - [ ] passif\n- [x] beta.auth.insee.net (beta z0)\n- [x] auth.insee.net (prod z0)\n  - [ ] actif\n  - [x] passif\n- [ ] auth.le-recensement-et-moi.fr (RP z0)\n- [x] auth.insee.rie.gouv.fr (prod z25) \n- [x] auth-mail.insee.fr\n- [x] auth-mfa.insee.fr\n- [x] auth-poc.recette.insee.fr\n\n### Kube\n\n- [x] keycloak-tf-poc.developpement.insee.fr (kubedev)\n- [x] keycloak-qf.mgmt2.kube.adsia.sia.priv (mgmt2)\n- [x] auth-certificats.insee.fr (kubedmz) (<9h >18h)\n- [x] auth.mgmt1.kube.adsia.sia.priv (mgmt1)', ""MCO:  provider terraform-keycloak 5.6 ```eml\nDe : Sebastian Schuster <notifications@github.com>\nDate: mar. 23 déc. 2025, 16:51\nSubject: [keycloak/terraform-provider-keycloak] Release v5.6.0 - v5.6.0\nTo: keycloak/terraform-provider-keycloak <terraform-provider-keycloak@noreply.github.com>\nCc: Subscribed <subscribed@noreply.github.com>\n\nv5.6.0\nRepository: keycloak/terraform-provider-keycloak · Tag: v5.6.0 · Commit: a6bac02 · Released by: sschu\nWhat's Changed\n•\tsupport enabling fine grained permssion in realm resource by @KyriosGN0 in #1268\n•\tchore(deps): bump org.jetbrains.kotlin.jvm from 2.2.20 to 2.2.21 in /custom-user-federation-example by @dependabot[bot] in #1361\n•\tset pkce_code_challenge_method in state during read by @ethan-k in #1382\n•\tfeat: Add allowutf8 field to realm SMTP configuration by @yrd in #1376\n•\tfix: Use normalized Keycloak API path when querying group by path by @yrd in #1385\n•\t1383 update to kc26.4.5 by @sschu in #1386\n•\tChange OpenLDAP image to bitnamilegacy version by @lucakiebel in #1369\n•\tEnhance documentation for keycloak_openid_client_scope.include_in_token_scope by @RafaelWO in #1367\n•\tadd connection_pooling params for userfederation by @mawenge in #1374\n•\tAdd missing datasource for authentication subflow by @ethan-k in #1381\n•\tConfigurable kid for keycloak_realm_keystore_rsa resource by @rruxandra in #1301\n•\tfix(openid_client): allow clearing description to empty string (fixes #1257) by @lucakiebel in #1370\n•\tdocs: add missing authorization resource documentation by @ethan-k in #1391\n•\tUpdated to Terraform 1.14.0 and fixed another path normalization bug by @sschu in #1392\n•\tchore(deps): bump golang.org/x/crypto from 0.44.0 to 0.45.0 by @dependabot[bot] in #1388\n•\tchore(deps): bump actions/checkout from 5 to 6 in /.github/workflows by @dependabot[bot] in #1393\n•\tFeat/add deletion_protection to keycloak realm by @tuankiettruong in #1346\n•\tfeat: make organization domain field optional by @tuankiettruong in #1394\n•\tchore(deps): bump github.com/hashicorp/go-version from 1.7.0 to 1.8.0 by @dependabot[bot] in #1399\n•\tchore(deps): bump org.jetbrains.kotlin.jvm from 2.2.21 to 2.3.0 in /custom-user-federation-example by @dependabot[bot] in #1420\n•\tchore(deps): bump golang.org/x/net from 0.47.0 to 0.48.0 by @dependabot[bot] in #1414\n•\tchore(deps): bump com.gradleup.shadow from 9.2.2 to 9.3.0 in /custom-user-federation-example by @dependabot[bot] in #1408\n•\tfeat: add missing max_temporary_lockouts for realm brute_force_protection by @tuankiettruong in #1401\n•\tfeat: add require_dpop_bound_tokens to keycloak_openid_client by @tuankiettruong in #1410\n•\tAdd Debug var for LDAP/Kerberos Auth Module by @robson90 in #1412\n•\tfeat(keycloak-group): add the attribute description by @vaerh in #1413\n•\tfeat(provider): add facebook identity provider by @lekhmanrus in #1415\n•\tAdd support for configuring SAML encryption algorithm by @christopher-svensson-stegra in #1418\n•\t1421 update to KC26.4.7 by @sschu in #1422\n•\tAuthorization block false diff on openid_client import by @ethan-k in #1404\n•\tfix keycloak_group_permissions - panic: interface conversion: interface {} is nil, not string by @consooo in #1397\n•\tUpdate to version 5.6.0 by @sschu in #1423\nNew Contributors\n•\t@lucakiebel made their first contribution in #1369\n•\t@RafaelWO made their first contribution in #1367\n•\t@rruxandra made their first contribution in #1301\n•\t@vaerh made their first contribution in #1413\n•\t@lekhmanrus made their first contribution in #1415\n•\t@christopher-svensson-stegra made their first contribution in #1418\n•\t@consooo made their first contribution in #1397\nFull Changelog: v5.5.0...v5.6.0\n—\nThis release has 2 assets:\n•\tSource code (zip)\n•\tSource code (tar.gz)\nVisit the release page to download them.\n\n```\n\n\najout du provier terraform-keycloak 5.6 dans utils\n\nhttps://gitlab.insee.fr/iahs/utils/terraform/providers_mirror/-/commit/54566bf9518e40a5d1ad67729d865349b8ef6b74\n\nEst-ce qu'il reste des choses à faire sur les dépôts ou on attend ? @busl4w""]"
14,13,25,13_supprimer_sugoi_ad_suppression,"['supprimer', 'sugoi', 'ad', 'suppression', 'concerné', 'vault', 'description', 'pouvez', 'les', 'ldap']","[""[LDAP] Nettoyage Appli GMC3 Service concerné (Vault, keycloak, sugoi, AD, ...) : Sugoi - LDAP - Vault - Keycloak\n\nDescription de la demande : \n\nChevalier Bernard :\nL'application GMC3 n'existe plus.\nSauf contrordre de la division VDSG ou du domaine SG du SNDIP, plus aucun des droits n'a de sens.\nJe suppose qu'il faut supprimer les groupes applicatifs associés. Je ne pense pas avoir les droits pour cela.\nL'application GMC3 n'existe plus.\n\nVarlet Gaëtan :\nJe suis du même avis que Bernard, on peut supprimer l'application GMC3 de Sugoi et de l'annuaire général (et les groupes associés).\nL'application remplaçante Mouvin existe par ailleurs dans Sugoi, et c'est elle qui est utilisé maintenant.\nPar acquis de conscience, avant de supprimer, laissons Aude donner son aval également,\n\nMulliez Aude :\nOk pour moi, on peut supprimer non seulement les groupes mais l'application elle-même.\n\nApplication concernée :\n\n - GMC3"", ""WSO2 : suppression entrée vault de production Service concerné (Vault, keycloak, sugoi, AD, ...) : VAULT\n\nDescription de la demande :\nComme pour a hors prod , certains secrets de l'api manager ne se sont pas supprimés de vault.\n\nPouvez vous supprimer les entrées suivantes :\nhttps://vault-prod-dc1.insee.fr/ui/vault/secrets/secrets-prodinterne/kv/list/re/api_manager/\nhttps://vault-prod-dc1.insee.fr/ui/vault/secrets/secrets-prodinterne/kv/list/re/apimanager/\n\nMerci d'avance"", '[WSO2] Décommissionnement qf Service concerné (Vault, keycloak, sugoi, AD, ...) : Vault \n\nDescription de la demande :\nNous sommes en train de décommissionner wso2 en recette.\nil reste des entrée vault à supprimer.\npouvez vous supprimer toutes les entrées qui sont là : https://vault-horsprod-dc2.insee.fr/ui/vault/secrets/secrets-horsprod/kv/list/re/api_manager/qf/']"
15,14,24,14_un_demande_thème_déployer,"['un', 'demande', 'thème', 'déployer', 'résulte', 'opération', 'ou', 'si', 'merger', 'mergé']","['Vault Grafana Alert Merci de choisir le template d\'issue le plus adapté (champ ""Description"" juste au dessus)\n\n- Demande générale : pour demander à réaliser une opération immédiate ou planifiée, qui ne résulte pas d\'un dysfonctionnement\n- Demande de changement d\'url d\'un cient Keycloak : si la demande concerne spécifiquement cette opération\n- Demande pour un thème Keycloak: demande pour merger un thème et le déployer, ou déployer un thème déjà mergé \n- Demande d\'accès à Vault depuis Kube\n- Déclaration d\'incident : si votre requête résulte de l\'observation d\'un dysfocntionnement ou d\'une régression sur un de nos service', 'Vault Grafana Alert Merci de choisir le template d\'issue le plus adapté (champ ""Description"" juste au dessus)\n\n- Demande générale : pour demander à réaliser une opération immédiate ou planifiée, qui ne résulte pas d\'un dysfonctionnement\n- Demande de changement d\'url d\'un cient Keycloak : si la demande concerne spécifiquement cette opération\n- Demande pour un thème Keycloak: demande pour merger un thème et le déployer, ou déployer un thème déjà mergé \n- Demande d\'accès à Vault depuis Kube\n- Déclaration d\'incident : si votre requête résulte de l\'observation d\'un dysfocntionnement ou d\'une régression sur un de nos service', 'Vault Grafana Alert Merci de choisir le template d\'issue le plus adapté (champ ""Description"" juste au dessus)\n\n- Demande générale : pour demander à réaliser une opération immédiate ou planifiée, qui ne résulte pas d\'un dysfonctionnement\n- Demande de changement d\'url d\'un cient Keycloak : si la demande concerne spécifiquement cette opération\n- Demande pour un thème Keycloak: demande pour merger un thème et le déployer, ou déployer un thème déjà mergé \n- Demande d\'accès à Vault depuis Kube\n- Déclaration d\'incident : si votre requête résulte de l\'observation d\'un dysfocntionnement ou d\'une régression sur un de nos service']"
16,15,23,15_dsi_the_brice_256,"['dsi', 'the', 'brice', '256', 'wasylyszyn', 'system', 'fr', 'maxime', 'no', 'philipp']","[""Préparation du déploiement DA De : Saint-Albin Éric <eric.saint-albin@insee.fr> \nEnvoyé : lundi 11 août 2025 16:05\nÀ : :DSI-Infrastructure-Authentification-Habilitations-Secrets <dsi-ahs@insee.fr>\nCc : Rosal Julien <julien.rosal@insee.fr>; Karaba Emily <emily.karaba@insee.fr>; :DSI-Poste-de-Travail-et-Serveur-d-Etablissement <dsi-pdt@insee.fr>; Wasylyszyn Brice <brice.wasylyszyn@insee.fr>; Weiland Maxime <maxime.weiland@insee.fr>; Bordet Valérie <valerie.bordet@insee.fr>\nObjet : Montée de version DA - vérification des droits\n\nBonjour à tous,\n\nLa montée de version de Direct Access est prévue lundi prochain (18/08/2025) avec la venue de l'ingénieur MS.\nIl nous est demandé de vérifier si les comptes que nous utiliserons pour l'opération disposent des accès complets sur l'infrastructure DA.\n\nje mets la copie de ce qui est demandé:\nThe AD account being used to add/remove servers to/from the DA cluster will need to have full access permissions on all DA Group Policy Objects and should have administrative privileges on the DA servers\nAt least two DA client devices we can use for testing\n\nPouvez-vous nous dire si les comptes en R_ que nous utiliserons ont bien tous les accès nécessaires sur toutes les GPO DA.\nSi ce n'est pas le cas, pouvez-vous faire le nécessaire, svp?\n\n\n\nCordialement"", 'Authentification par certificat poste Windows ```eml\nDe : Dufaure Clément <clement.dufaure@insee.fr> \nEnvoyé : mardi 16 septembre 2025 17:13\nÀ : Rosal Julien <julien.rosal@insee.fr>; Wasylyszyn Brice <brice.wasylyszyn@insee.fr>\nCc : De Loitière Laurent <laurent.de-loitiere@insee.fr>\nObjet : RE: Authentification par certificat poste Windows\n\nLa solution SIA en tout cas c’est ca, c’est sur un compte utilisateur donné, on indique « ne peux se connecter qu’avec un certif », c’est pas lié au poste (mais c’est plutôt ce qu’on veut j’avais l’impression parce que sinon ca veut dire que sur son propre poste on a du mfa, et sur le poste du vil attaquant un seul facteur pour un compte à attaquer ? mais je pense que je manque un peu du fond de ce qu’on redoute/ce qu’on cherche à protéger)\nEt ca marche comme ça sur le SIA, mettre l’utilisateur en mode certif implique la rotation du mdp en automatique sur AD. Aucune idée de si c’est paramétrable, de si on peut distinguer ouverture de session et gestion d’un mdp isolé.\n\nDe : Rosal Julien <julien.rosal@insee.fr> \nEnvoyé : mardi 16 septembre 2025 17:00\nÀ : Dufaure Clément <clement.dufaure@insee.fr>; Wasylyszyn Brice <brice.wasylyszyn@insee.fr>\nCc : De Loitière Laurent <laurent.de-loitiere@insee.fr>\nObjet : RE: Authentification par certificat poste Windows\n\nLes admin dans ce contexte c’est les comptes en W des GIIREs, de l’assistance et de PTSE.\nAh moi je pensais que l’on pouvait juste paramétrer l’ouverture d’une session Windows avec code PIN mais en laissant la possibilité d’avoir un login/password pour les autres services.\nEn fait plus paramétrer la façon dont Windows autorise l’ouverture de session que de paramétrer le compte utilisateur (mais je suis peut être pas clair dans mes explication 😊)\n\n\n\nDe : Dufaure Clément <clement.dufaure@insee.fr> \nEnvoyé : mardi 16 septembre 2025 16:47\nÀ : Rosal Julien <julien.rosal@insee.fr>; Wasylyszyn Brice <brice.wasylyszyn@insee.fr>\nCc : De Loitière Laurent <laurent.de-loitiere@insee.fr>\nObjet : RE: Authentification par certificat poste Windows\n\nCa veut dire quoi « les admins » dans ce contexte ?\nPour les utilisateurs ca veut dire au moins pas d’accès messagerie externe donc, et je pense a celui la car sujet d’actualité mais yen a peut etre d’autres.\n\nDe : Rosal Julien <julien.rosal@insee.fr> \nEnvoyé : mardi 16 septembre 2025 16:42\nÀ : Dufaure Clément <clement.dufaure@insee.fr>; Wasylyszyn Brice <brice.wasylyszyn@insee.fr>\nCc : De Loitière Laurent <laurent.de-loitiere@insee.fr>\nObjet : RE: Authentification par certificat poste Windows\n\nOui c’est ça le scénario, comme sur SIA avec carte virtuelle.\nEt tu devances ma prochaine question 😊\nOui connexion uniquement avec code PIN pour les utilisateurs MAIS les admin pourraient se connecter avec login/password… C’est possible cette config ?\n\n\n\nDe : Dufaure Clément <clement.dufaure@insee.fr> \nEnvoyé : mardi 16 septembre 2025 16:38\nÀ : Rosal Julien <julien.rosal@insee.fr>; Wasylyszyn Brice <brice.wasylyszyn@insee.fr>\nCc : De Loitière Laurent <laurent.de-loitiere@insee.fr>\nObjet : RE: Authentification par certificat poste Windows\n\nBonjour,\nOui, il me semble bien que les pauvres agents utilisant chorus avait l’interdiction de télétravailler et que vigil venait réparer tout ça.\n\nC’est quoi exactement le scenario envisagé ? comme sur le SIA mais avec la carte virtuelle à la place de la physique ? donc en mode l’utilisateur ne peut se connecter qu’avec un certif » ? (mais ca veut dire plus de mdp AD connu ce qui entraine d’autre pb ) \n\nClément\n\nDe : Rosal Julien <julien.rosal@insee.fr> \nEnvoyé : mardi 16 septembre 2025 15:55\nÀ : Wasylyszyn Brice <brice.wasylyszyn@insee.fr>; Dufaure Clément <clement.dufaure@insee.fr>\nCc : De Loitière Laurent <laurent.de-loitiere@insee.fr>\nObjet : TR: Authentification par certificat poste Windows\n\nArgh je rajoute Clément, je m’étais trompé de destinataire en mettant Philippe Clément… Et on est que le 16/09 😊\n\nDe : Rosal Julien \nEnvoyé : mardi 16 septembre 2025 15:39\nÀ : Clément Philippe <philippe.clement@insee.fr>; Wasylyszyn Brice <brice.wasylyszyn@insee.fr>\nCc : De Loitière Laurent <laurent.de-loitiere@insee.fr>\nObjet : Authentification par certificat poste Windows\n\nBonjour,\n(je mets Brice dans la boucle car c’est lui qui avait géré le template du certif Chorus VIGIL)\n\nJe vous explique le contexte : VIGIL pour Chorus reste très compliqué à utiliser pour les agents, et la majorité est mécontente.\nIl est donc envisagé de les faire revenir temporairement sur DirectAccess, le temps de trouver une autre solution (on en reparlera sûrement 😊).\n\nAvec la DSMR, nous avons relu le guide du nomadisme et un point délicat concerne DirectAccess : l’authentification MFA.\nNous envisageons de mettre en place une ouverture de session par code PIN, reposant sur un certificat stocké dans le TPM.\n\nMa question est la suivante : est-ce que le certificat actuel des utilisateurs Chorus pourrait être utilisé pour l’ouverture de session, ou faut-il revoir le modèle de certificat ?\n\nD’après ce que j’ai pu voir, utiliser un certificat lié au TPM via le lecteur virtuel Windows pour l’ouverture de session semble faisable, à moindre coût et assez rapidement (j’ai vu notamment cette option dans la doc MS).\nEst-ce bien le cas, ou est-ce que je me trompe ?\n\nDésolé d’être un peu direct, mais comme en gros les 1342 sujets à traiter ben celui-ci est aussi urgent 😉.\nJe reste bien sûr disponible pour un Zoom si besoin.\n\nMerci d’avance et bonne journée\nA+\n\n              Julien\n\n\n\n\n\n\n```', 'Problème d\'ajout de serveur DirectAccess ```eml\nDe : Wasylyszyn Brice \nEnvoyé : jeudi 16 octobre 2025 11:17\nÀ : Saint-Albin Éric <eric.saint-albin@insee.fr>\nCc : Weiland Maxime <maxime.weiland@insee.fr>; Rosal Julien <julien.rosal@insee.fr>\nObjet : RE: Errors on Direct Access servers\n\nBonjour Eric,\n\nLa GPO DirectAccess Enqueteurs a un filtrage qui n’inclut pas las nouveaux serveurs, tu peux lui demander si c’est normal ? En parallèle je vais essayer de faire la manip.\n\nCordialement\nBrice Wasylyszyn\n0240417795\n\nDe : Saint-Albin Éric <eric.saint-albin@insee.fr> \nEnvoyé : jeudi 16 octobre 2025 11:05\nÀ : Wasylyszyn Brice <brice.wasylyszyn@insee.fr>\nCc : Weiland Maxime <maxime.weiland@insee.fr>; Rosal Julien <julien.rosal@insee.fr>\nObjet : TR: Errors on Direct Access servers\n\nBonjour Brice,\n\nOn a la réponse de l’ingé MS et ce qu’il décrit c’est bien ce que l’on met en œuvre.\n\nJe ne sais pas ce qui bloque, mais toutes les tentatives d’ajouts échouent et on pourrait penser que c’est un problème de droits ou une sécurité sur le serveur.\n\nTu as une idée pour ce type de pb, on est preneur.\n\nMerci d’avance\n\nEric\n\n\nDe : Philipp Kuhn <Philipp.Kuhn@microsoft.com> \nEnvoyé : jeudi 16 octobre 2025 09:27\nÀ : Weiland Maxime <maxime.weiland@insee.fr>\nCc : Saint-Albin Éric <eric.saint-albin@insee.fr>; Wojdacki Thibaut <thibaut.wojdacki@insee.fr>\nObjet : Re: Errors on Direct Access servers\n\n« Ce courriel provient d’un expéditeur extérieur à l’Insee. Compte tenu du contexte de menace cyber actuel il convient d’être extrêmement vigilant sur l’émetteur et son contenu avant d’ouvrir une pièce jointe, de cliquer sur un lien internet présent dans ce message ou d\'y répondre. »\n\nHi Maxime,\n\nDid you add the new server from an existing DA server? This might not work because of Task Scheduler hardening.\nThis should work (that\'s how we added the servers to the cluster when I was in Metz)\n•\tLogon to the new DA server which should be added to the cluster\n•\tLauch the RAMC\n•\tConnect to an existing DA server (any server existing in the cluster)\n•\tAdd the new server to the cluster from here, this is usually working\n\nThanks\nPhilipp\n________________________________________\nFrom: Weiland Maxime <maxime.weiland@insee.fr>\nSent: Wednesday, October 15, 2025 16:57\nTo: Philipp Kuhn <Philipp.Kuhn@microsoft.com>\nCc: Saint-Albin Éric <eric.saint-albin@insee.fr>; Wojdacki Thibaut <thibaut.wojdacki@insee.fr>\nSubject: [EXTERNAL] RE: Errors on Direct Access servers \n \n                Hi Philipp,\ndespite the problem with domain controller disappeared, we encounter now another problem when we want to add a new server to the cluster (see the capture below).\n \n \n\nHave you got an idea?\n \nThanks in advance.\n \nRegards,\n \n \t \nWEILAND Maxime\nIngénieur Poste de Travail et Sécurité\nÉquipe-service Poste de Travail et Serveurs d’Établissement (PTSE)\nT: 03 57 84 42 75\nService National des Supports et Services Informatiques de Metz (SNSSIM)\nDirection Régionale Grand-Est (DR67)\n5 rue Henry Maret — 57000 METZ\n \t \t \t \t \t \t \n\t\t\t\t\t\t\t\n \n \nDe : Philipp Kuhn <Philipp.Kuhn@microsoft.com> \nEnvoyé : mardi 14 octobre 2025 12:10\nÀ : Weiland Maxime <maxime.weiland@insee.fr>\nCc : Saint-Albin Éric <eric.saint-albin@insee.fr>; Wojdacki Thibaut <thibaut.wojdacki@insee.fr>\nObjet : Re: Errors on Direct Access servers\n \n« Ce courriel provient d’un expéditeur extérieur à l’Insee. Compte tenu du contexte de menace cyber actuel il convient d’être extrêmement vigilant sur l’émetteur et son contenu avant d’ouvrir une pièce jointe, de cliquer sur un lien internet présent dans ce message ou d\'y répondre. »\n \nHello Maxime, \n \nThat\'s my favorite kind of problem :) \nThanks for update and have a good day. \n \nThanks\nPhilipp\n \n________________________________________\nFrom: Weiland Maxime <maxime.weiland@insee.fr>\nSent: Tuesday, October 14, 2025 8:26:37 AM\nTo: Philipp Kuhn <Philipp.Kuhn@microsoft.com>\nCc: Saint-Albin Éric <eric.saint-albin@insee.fr>; Wojdacki Thibaut <thibaut.wojdacki@insee.fr>\nSubject: [EXTERNAL] RE: Errors on Direct Access servers\n \n                Hi Philipp,\nhope you’re fine today. 😊\n \nIt seems that our problem suddently disappeared.\nOur team responsible for Active Directory encoutered a problem with _msdcs.insee.intra zone in our domain ad.insee.intra. Now it’s resolved, we no longer have our error messages in DirectAccess cluster management console.\n \nThanks, and have a nice day.\n \nRegards,\n \n \t \nWEILAND Maxime\nIngénieur Poste de Travail et Sécurité\nÉquipe-service Poste de Travail et Serveurs d’Établissement (PTSE)\nT: 03 57 84 42 75\nService National des Supports et Services Informatiques de Metz (SNSSIM)\nDirection Régionale Grand-Est (DR67)\n5 rue Henry Maret — 57000 METZ\n \t \t \t \t \t \t \n\t\t\t\t\t\t\t\n \n \nDe : Weiland Maxime\nEnvoyé : jeudi 9 octobre 2025 14:58\nÀ : \'Philipp Kuhn\' <Philipp.Kuhn@microsoft.com>\nObjet : RE: Errors on Direct Access servers\n \nHi Philipp,\nhere you can find the requested log file.\n \nRegards,\n \n \t \nWEILAND Maxime\nIngénieur Poste de Travail et Sécurité\nÉquipe-service Poste de Travail et Serveurs d’Établissement (PTSE)\nT: 03 57 84 42 75\nService National des Supports et Services Informatiques de Metz (SNSSIM)\nDirection Régionale Grand-Est (DR67)\n5 rue Henry Maret — 57000 METZ\n \t \t \t \t \t \t \n\t\t\t\t\t\t\t\n \n \nDe : Philipp Kuhn <Philipp.Kuhn@microsoft.com>\nEnvoyé : lundi 6 octobre 2025 09:27\nÀ : Weiland Maxime <maxime.weiland@insee.fr>\nObjet : Re: Errors on Direct Access servers\n \n« Ce courriel provient d’un expéditeur extérieur à l’Insee. Compte tenu du contexte de menace cyber actuel il convient d’être extrêmement vigilant sur l’émetteur et son contenu avant d’ouvrir une pièce jointe, de cliquer sur un lien internet présent dans ce message ou d\'y répondre. »\n \nHello Maxime,\n \nRAMC might try reaching out to other DC as well, try this command to show the DCs:\nGet-DAMgmtServer -Type DC\n \nRAMC tracing can be enabled like outlined below, the result is a text file\nFor issues with the RAMC, enabled the following:\ncmd.exe /c ""reg add HKLM\\SYSTEM\\CurrentControlSet\\Services\\RaMgmtSvc\\Parameters /f /v DebugFlag /t REG_DWORD /d """"0xffffffff"""" ""\nThe log files will be written to %windir%\\tracing once the RAMC will be closed\nIn order to stop tracing remove the ""DebugFlag"" registry key\nNote: No service restart/reboot required\n \nThere is a ETW provider for the RAMC, however it requires to be converted in order to be readable - feel free to share it with me, I can convert it and share the result.\n""logman create trace RAMCTrace -ow -o c:\\RAMC.etl -p {AAD4C46D-56DE-4F98-BDA2-B5EAEBDD2B04} 0xffffffffffffffff 0xff -nb 16 16 -bs 1024 -mode 0x2 -max 2048 -ets""\n""logman update trace RAMCTrace -p {62DFF3DA-7513-4FCA-BC73-25B111FBB1DB} 0xffffffffffffffff 0xff -ets""\nRun the RAMC and repro the issue\nStop tracing:\n""logman stop -ets RAMCTrace""\nShare c:\\RAMC.etl\n \nRAMC checks if the discovered DC are reachable, as far as I know by an LDAP (TCP 389) test. I am not aware that this check can be disabled.\n \nThanks\nPhilipp\n________________________________________\nFrom: Weiland Maxime <maxime.weiland@insee.fr>\nSent: Friday, October 3, 2025 14:40\nTo: Philipp Kuhn <Philipp.Kuhn@microsoft.com>; Wojdacki Thibaut <thibaut.wojdacki@insee.fr>\nCc: Boutrik Norsadet <norsadet.boutrik@insee.fr>; Saint-Albin Éric <eric.saint-albin@insee.fr>\nSubject: [EXTERNAL] RE: Errors on Direct Access servers\n \n                Hi Philipp,\nwe havn’t got any information when we click on « Domain controller », just the name of the domain itself.\nYet, the two domain controllers on this VLAN are reachable via a Test-NetConnection command on the 389 port (LDAP).\n \nDo you know what are the checks behind this error message? And where we can find to some logs to investigate a little more?\nAnd if this message is not important, how can we disable it?\n \nThanks in advance.\n\nRegards, \n \t \nWEILAND Maxime\nIngénieur Poste de Travail et Sécurité\nÉquipe-service Poste de Travail et Serveurs d’Établissement (PTSE)\nT: 03 57 84 42 75\nService National des Supports et Services Informatiques de Metz (SNSSIM)\nDirection Régionale Grand-Est (DR67)\n5 rue Henry Maret — 57000 METZ\n \t \t \t \t \t \t \n\t\t\t\t\t\t\t\n \n \nDe : Philipp Kuhn <Philipp.Kuhn@microsoft.com>\nEnvoyé : vendredi 3 octobre 2025 10:50\nÀ : Weiland Maxime <maxime.weiland@insee.fr>; Wojdacki Thibaut <thibaut.wojdacki@insee.fr>\nCc : Boutrik Norsadet <norsadet.boutrik@insee.fr>; Saint-Albin Éric <eric.saint-albin@insee.fr>\nObjet : Re: Errors on Direct Access servers\n \n« Ce courriel provient d’un expéditeur extérieur à l’Insee. Compte tenu du contexte de menace cyber actuel il convient d’être extrêmement vigilant sur l’émetteur et son contenu avant d’ouvrir une pièce jointe, de cliquer sur un lien internet présent dans ce message ou d\'y répondre. »\n \nHello Maxime,\n \nAll good, hope you are well.\n \nDoes it say which DC or DCs are not reachable when you click on ""Domain controller"" in be below screenshot? Does the warning eventually go away after some time or when clicking on refresh several times? \nMaybe a DC from another location didn\'t respond (quick enough), this could cause the below error. \nSeveral years ago, we had an issue with the DC reachability monitor of the RAMC, however it was fixed.\n \nThanks\nPhilipp\n \n________________________________________\nFrom: Weiland Maxime <maxime.weiland@insee.fr>\nSent: Thursday, October 2, 2025 14:33\nTo: Philipp Kuhn <Philipp.Kuhn@microsoft.com>; Wojdacki Thibaut <thibaut.wojdacki@insee.fr>\nCc: Boutrik Norsadet <norsadet.boutrik@insee.fr>; Saint-Albin Éric <eric.saint-albin@insee.fr>\nSubject: [EXTERNAL] RE: Errors on Direct Access servers\n \n                Hi Philipp,\nhope you’re fine. 😊\n \nWe got a strange issue on our new servers in our DA cluster.\nWhen we restart the server, in Remote Access Management Console, we can see in Operation status menu an error about the domain controller (see the screencapture beyond).\n \n \n \nHowever, the server seems to work properly in the cluster, and we can see some clients connected to it.\n \nIs this message a false positive, or is there really a problem?\n \nThanks in advance for your answer.\n \nKind regards,\n \n \t \nWEILAND Maxime\nIngénieur Poste de Travail et Sécurité\nÉquipe-service Poste de Travail et Serveurs d’Établissement (PTSE)\nT: 03 57 84 42 75\nService National des Supports et Services Informatiques de Metz (SNSSIM)\nDirection Régionale Grand-Est (DR67)\n5 rue Henry Maret — 57000 METZ\n \t \t \t \t \t \t \n\t\t\t\t\t\t\t\n \n \nDe : Philipp Kuhn <Philipp.Kuhn@microsoft.com>\nEnvoyé : mercredi 10 septembre 2025 17:57\nÀ : Wojdacki Thibaut <thibaut.wojdacki@insee.fr>\nCc : Weiland Maxime <maxime.weiland@insee.fr>; Boutrik Norsadet <norsadet.boutrik@insee.fr>; Saint-Albin Éric <eric.saint-albin@insee.fr>\nObjet : RE: Errors on Direct Access servers\n \n« Ce courriel provient d’un expéditeur extérieur à l’Insee. Compte tenu du contexte de menace cyber actuel il convient d’être extrêmement vigilant sur l’émetteur et son contenu avant d’ouvrir une pièce jointe, de cliquer sur un lien internet présent dans ce message ou d\'y répondre. »\n \nHello Thibaut,\n \nThank you for providing the information.\n \nI noticed a difference between req1.txt and req3.txt\n \nIn req1 (not showing the warning), there are four IPv6 routes which have the publish flag set to enabled\nPublish  Type      Met  Prefix                    Idx  Gateway/Interface Name\n-------  --------  ---  ------------------------  ---  ------------------------\nNo       System    256  ::1/128                     1  Loopback Pseudo-Interface 1\nNo       Manual    1000  2002::/16                   2  6to4 Adapter\nYes      System    256  fdd9:5c63:cbda::/48         3  Microsoft IP-HTTPS Platform Interface\nNo       System    256  fdd9:5c63:cbda:2000::1/128    3  Microsoft IP-HTTPS Platform Interface\nNo       System    256  fdd9:5c63:cbda:2000::2/128    3  Microsoft IP-HTTPS Platform Interface\nYes      Manual    256  fdd9:5c63:cbda:2004::/64    3  Microsoft IP-HTTPS Platform Interface\nNo       System    256  fdd9:5c63:cbda:2004::/128    3  Microsoft IP-HTTPS Platform Interface\nNo       System    256  fdd9:5c63:cbda:2004:80f0:e123:d277:b2d3/128    3  Microsoft IP-HTTPS Platform Interface\nYes      Manual    256  fdd9:5c63:cbda:7777::/96    7  Interne_DirectAccess_1862\nNo       System    256  fdd9:5c63:cbda:8746::/64    1  Loopback Pseudo-Interface 1\nYes      System    256  fdd9:5c63:cbda:8746::/64    7  Interne_DirectAccess_1862\nNo       System    256  fdd9:5c63:cbda:8746::7/128    1  Loopback Pseudo-Interface 1\nNo       System    256  fdd9:5c63:cbda:8746::72/128    7  Interne_DirectAccess_1862\nNo       System    256  fe80::/64                   7  Interne_DirectAccess_1862\nNo       System    256  fe80::/64                  10  DMZ_Service_STI_Public_463\nNo       System    256  fe80::/64                   3  Microsoft IP-HTTPS Platform Interface\nNo       System    256  fe80::5943:b2bf:e504:3f16/128    3  Microsoft IP-HTTPS Platform Interface\nNo       System    256  fe80::621a:eeef:1dfa:d223/128   10  DMZ_Service_STI_Public_463\nNo       System    256  fe80::c1fb:acb4:9f1d:e650/128    7  Interne_DirectAccess_1862\nNo       System    256  ff00::/8                    1  Loopback Pseudo-Interface 1\nNo       System    256  ff00::/8                    7  Interne_DirectAccess_1862\nNo       System    256  ff00::/8                   10  DMZ_Service_STI_Public_463\nNo       System    256  ff00::/8                    3  Microsoft IP-HTTPS Platform Interface\n \nIn req2 (showing the warning), there are only three IPv6 routes with the publish flag set to true\n \nPublish  Type      Met  Prefix                    Idx  Gateway/Interface Name\n-------  --------  ---  ------------------------  ---  ------------------------\nNo       System    256  ::1/128                     1  Loopback Pseudo-Interface 1\nNo       Manual    1000  2002::/16                   2  6to4 Adapter\nNo       System    256  fdd9:5c63:cbda::/48         5  Microsoft IP-HTTPS Platform Interface\nNo       System    256  fdd9:5c63:cbda:2000::1/128    5  Microsoft IP-HTTPS Platform Interface\nNo       System    256  fdd9:5c63:cbda:2000::2/128    5  Microsoft IP-HTTPS Platform Interface\nYes      Manual    256  fdd9:5c63:cbda:2005::/64    5  Microsoft IP-HTTPS Platform Interface\nNo       System    256  fdd9:5c63:cbda:2005::/128    5  Microsoft IP-HTTPS Platform Interface\nNo       System    256  fdd9:5c63:cbda:2005:68f9:48c:1928:179a/128    5  Microsoft IP-HTTPS Platform Interface\nYes      Manual    256  fdd9:5c63:cbda:7777::/96    9  Interne_DirectAccess_1862\nNo       System    256  fdd9:5c63:cbda:8746::/64    1  Loopback Pseudo-Interface 1\nYes      System    256  fdd9:5c63:cbda:8746::/64    9  Interne_DirectAccess_1862\nNo       System    256  fdd9:5c63:cbda:8746::7/128    1  Loopback Pseudo-Interface 1\nNo       System    256  fdd9:5c63:cbda:8746::73/128    9  Interne_DirectAccess_1862\nNo       System    256  fe80::/64                   9  Interne_DirectAccess_1862\nNo       System    256  fe80::/64                  12  DMZ_Service_STI_Public_463\nNo       System    256  fe80::/64                   5  Microsoft IP-HTTPS Platform Interface\nNo       System    256  fe80::2596:1e04:ca3f:9912/128   12  DMZ_Service_STI_Public_463\nNo       System    256  fe80::761a:1751:6375:efe3/128    5  Microsoft IP-HTTPS Platform Interface\nNo       System    256  fe80::be30:509a:f970:3ffc/128    9  Interne_DirectAccess_1862\nNo       System    256  ff00::/8                    1  Loopback Pseudo-Interface 1\nNo       System    256  ff00::/8                    9  Interne_DirectAccess_1862\nNo       System    256  ff00::/8                   12  DMZ_Service_STI_Public_463\nNo       System    256  ff00::/8                    5  Microsoft IP-HTTPS Platform Interface\n \nThe route marked in yellow, should be set to publish = yes, otherwise we might see IP-HTTPS connectivity issues.\n \nHere is what I would do:\n•\tRun “netsh int ipv6 show route” on all DA servers and compare the output, especially look for this route\n•\tOn DA servers which have this route not set to publish = yes, you can use this PowerShell command to enable the publish flag: “Set-NetRoute -DestinationPrefix fdd9:5c63:cbda::/48 -Publish yes”, then reboot and check if the publish flag is still set to yes\n \nAlthough the warning message doesn’t quite match with the above, however the IPv6 routes towards the internal network have the publish flag set to yet. I’d still try the, having the IP-HTTPS route enabled is important for DA functionality.\n \nThanks\nPhilipp\n \nFrom: Wojdacki Thibaut <thibaut.wojdacki@insee.fr>\nSent: Tuesday, September 9, 2025 2:32 PM\nTo: Philipp Kuhn <Philipp.Kuhn@microsoft.com>\nCc: Weiland Maxime <maxime.weiland@insee.fr>; Boutrik Norsadet <norsadet.boutrik@insee.fr>; Saint-Albin Éric <eric.saint-albin@insee.fr>\nSubject: [EXTERNAL] RE: Errors on Direct Access servers\n \nHello Philipp,\n \nOn the DA server that does NOT show the warning, we get the following logs :\n \n•\tnetsh int ipv6 show route (req1.txt file)\n•\tGet-RemoteAccessHealth (req2.txt file)\n \nOn the DA server that DOES show the warning, we get the following logs :\n \n•\tnetsh int ipv6 show route (req3.txt file)\n•\tGet-RemoteAccessHealth (req4.txt file)\n \nLet me know if you need any other information.\n \nBest regards,\nThibaut\nDe : Philipp Kuhn <Philipp.Kuhn@microsoft.com>\nEnvoyé : lundi 8 septembre 2025 11:49\nÀ : Saint-Albin Éric <eric.saint-albin@insee.fr>\nCc : Weiland Maxime <maxime.weiland@insee.fr>; Wojdacki Thibaut <thibaut.wojdacki@insee.fr>; Boutrik Norsadet <norsadet.boutrik@insee.fr>\nObjet : RE: Errors on Direct Access servers\n \n« Ce courriel provient d’un expéditeur extérieur à l’Insee. Compte tenu du contexte de menace cyber actuel il convient d’être extrêmement vigilant sur l’émetteur et son contenu avant d’ouvrir une pièce jointe, de cliquer sur un lien internet présent dans ce message ou d\'y répondre. »\n \nHello Eric,\n \nThanks, hope you are well.\n \nTechnically, we can ignore this warning as the internal (Ethernet) network adapter does have a IPv6 address configured, however it isn’t used to communicate in the internal network because IPv6 isn’t deployed there. The DA Servers use NAT64 to translate the IPv6 traffic into IPv4.\nHowever, you are saying that only three servers show this warning, I’d expect that all DA servers show the same status, regardless of what it is.\n \nCan you please share the following, from a DA server which is showing this warning and from a DA server which isn’t showing this warning.\n•\t“netsh int ipv6 show route”\n•\t“Get-RemoteAccessHealth”\n \nThanks\nPhilipp\n \nFrom: Saint-Albin Éric <eric.saint-albin@insee.fr>\nSent: Thursday, September 4, 2025 3:17 PM\nTo: Philipp Kuhn <Philipp.Kuhn@microsoft.com>\nCc: Weiland Maxime <maxime.weiland@insee.fr>; Wojdacki Thibaut <thibaut.wojdacki@insee.fr>; Boutrik Norsadet <norsadet.boutrik@insee.fr>\nSubject: [EXTERNAL] Errors on Direct Access servers\n \nHello Philipp,\n \nHope You fell good.\nWe verify the direct Access dashboard and there is this error on 3 servers.\n \n \n \nWhat should we do to correct this please?\n \nBest regards\n \n \n \n\n```']"
17,16,21,16_monitor_annuaires_compte_20monitor,"['monitor', 'annuaires', 'compte', '20monitor', '20un', '20usage', '20pour', '20service', 'rappels', 'boite']","[""[MONITOR][LEI] Demande de compte de service \nDocumentation : https://gitlab.insee.fr/iahs/annuaires/documentation-annuaires/-/wikis/Compte%20de%20service%20pour%20un%20usage%20Monitor\n\n\nApplication concernée par le monitor : LEI\n\nBoite aux lettre fonctionelle pour mise en place des rappels d'expiration du mot de passe : ci44-sd-maintenance-lei@insee.fr\n\n---"", ""[MONITOR] Demande de creation de compte pour prvform \nDocumentation : https://gitlab.insee.fr/iahs/annuaires/documentation-annuaires/-/wikis/Compte%20de%20service%20pour%20un%20usage%20Monitor\n\n\nApplication concernée par le monitor : **prvform**\n\nBoite aux lettre fonctionelle pour mise en place des rappels d'expiration du mot de passe : **dr59-sndi-codification@insee.fr**\n\n---"", ""[MONITOR] Demande de creation de compte GRAVITEE \nDocumentation : https://gitlab.insee.fr/iahs/annuaires/documentation-annuaires/-/wikis/Compte%20de%20service%20pour%20un%20usage%20Monitor\n\n\nApplication concernée par le monitor : GRAVITEE\n\nBoite aux lettre fonctionnelle pour mise en place des rappels d'expiration du mot de passe : dsi-transfert-donnees@insee.fr\n\n---""]"
18,17,21,17_namespace_documentation_la_coffre,"['namespace', 'documentation', 'la', 'coffre', 'secrets', 'droits', 'iahs', 'gitlab', 'kubepreprod', '_ex']","[""Nouveau namespace Kubedev : role Vault # Demande d'accès à des secrets Vault depuis un namespace Kube\n\nConsultez:\n- la documentation KubeApp [sur la configuration Kube nécessaire](https://kubernetes.gitlab-pages.insee.fr/kubeapp/documentation/guide_utilisateurs/service_gestion_secrets/secrets_externes/)\n- la documentation IAHS [sur les droits associés à cet accès](https://gitlab.insee.fr/iahs/secrets/documentation/doc-publique/-/wikis/Acc%C3%A8s-Kube)\n\n/!\\ _Lors de la création des droits, il n'y a pas de création de l'arborescence. Celle-ci est créée lors de la création d'un premier secret.\nIl est donc normal à l'initialisation des droits de ne pas trouver le(s) dossier(s) `equipe/dev_*/` ou `<cluster>/<namespace>/*`_ /!\\\n\n## Environnement(s): \n\n**Vault horsprod:**\n- [x] Kubedev\n\n**Vault prod:**\n- [ ] Kubepreprod\n- [ ] Kubeprod\n    \n**Vault dmz:**\n- [ ] Kubepreprod\n- [ ] Kubeprod\n- [ ] Kubeppdmz\n- [ ] Kubedmz\n\n## Nom du namespace :\n\n- projet-editique\n\n## Chemins des secrets requis :\n\n> _sous la forme:_ \n>\n> ```<quartier>/<applicatif>``` pour le [coffre exploitant](https://gitlab.insee.fr/iahs/secrets/documentation/doc-publique#coffre-exploitant) (secrets-[horsprod|prodinterne|dmz])\n>\n> _ex:_ ```rh/mouvin```\n>\n> ```<nom-du-coffre>``` pour les [coffres produit](https://gitlab.insee.fr/iahs/secrets/documentation/doc-publique/-/wikis/home/Coffre-produit)\n>\n> _ex:_ ```resil```\n\n- \n\n---"", ""Nouveau namespace kubepreprod : accès Vault # Demande d'accès à des secrets Vault depuis un namespace Kube\n\nConsultez:\n- la documentation KubeApp [sur la configuration Kube nécessaire](https://kubernetes.gitlab-pages.insee.fr/kubeapp/documentation/guide_utilisateurs/service_gestion_secrets/secrets_externes/)\n- la documentation IAHS [sur les droits associés à cet accès](https://gitlab.insee.fr/iahs/secrets/documentation/doc-publique/-/wikis/Acc%C3%A8s-Kube)\n\n/!\\ _Lors de la création des droits, il n'y a pas de création de l'arborescence. Celle-ci est créée lors de la création d'un premier secret.\nIl est donc normal à l'initialisation des droits de ne pas trouver le(s) dossier(s) `equipe/dev_*/` ou `<cluster>/<namespace>/*`_ /!\\\n\n## Environnement(s): \n\n**Vault horsprod:**\n- [ ] Kubedev\n\n**Vault prod:**\n- [x] Kubepreprod\n- [ ] Kubeprod\n    \n**Vault dmz:**\n- [x] Kubepreprod\n- [ ] Kubeprod\n- [ ] Kubeppdmz\n- [ ] Kubedmz\n\n## Nom du namespace :\n\n-  projet-nautile\n\n## Chemins des secrets requis :\n\n> _sous la forme:_ \n>\n> ```<quartier>/<applicatif>``` pour le [coffre exploitant](https://gitlab.insee.fr/iahs/secrets/documentation/doc-publique#coffre-exploitant) (secrets-[horsprod|prodinterne|dmz])\n>\n> _ex:_ ```rh/mouvin```\n>\n> ```<nom-du-coffre>``` pour les [coffres produit](https://gitlab.insee.fr/iahs/secrets/documentation/doc-publique/-/wikis/home/Coffre-produit)\n>\n> _ex:_ ```resil```\n\n- \n\n---"", ""Nouveau namespace kubeprod : accès Vault # Demande d'accès à des secrets Vault depuis un namespace Kube\n\nConsultez:\n- la documentation KubeApp [sur la configuration Kube nécessaire](https://kubernetes.gitlab-pages.insee.fr/kubeapp/documentation/guide_utilisateurs/service_gestion_secrets/secrets_externes/)\n- la documentation IAHS [sur les droits associés à cet accès](https://gitlab.insee.fr/iahs/secrets/documentation/doc-publique/-/wikis/Acc%C3%A8s-Kube)\n\n/!\\ _Lors de la création des droits, il n'y a pas de création de l'arborescence. Celle-ci est créée lors de la création d'un premier secret.\nIl est donc normal à l'initialisation des droits de ne pas trouver le(s) dossier(s) `equipe/dev_*/` ou `<cluster>/<namespace>/*`_ /!\\\n\n## Environnement(s): \n\n**Vault horsprod:**\n- [ ] Kubedev\n\n**Vault prod:**\n- [ ] Kubepreprod\n- [x] Kubeprod\n    \n**Vault dmz:**\n- [ ] Kubepreprod\n- [x] Kubeprod\n- [ ] Kubeppdmz\n- [ ] Kubedmz\n\n## Nom du namespace :\n\n- projet-nautile\n\n## Chemins des secrets requis :\n\n> _sous la forme:_ \n>\n> ```<quartier>/<applicatif>``` pour le [coffre exploitant](https://gitlab.insee.fr/iahs/secrets/documentation/doc-publique#coffre-exploitant) (secrets-[horsprod|prodinterne|dmz])\n>\n> _ex:_ ```rh/mouvin```\n>\n> ```<nom-du-coffre>``` pour les [coffres produit](https://gitlab.insee.fr/iahs/secrets/documentation/doc-publique/-/wikis/home/Coffre-produit)\n>\n> _ex:_ ```resil```\n\n- \n\n---""]"
19,18,20,18_utilisateurs_comptes_sugoi_recette,"['utilisateurs', 'comptes', 'sugoi', 'recette', 'ssp', 'réplication', 'balf', 'dans', 'application', 'adresse']","[""[SUGOI] Création d'application / reconnaissance-professionnelle # [SUGOI] Demande pour la création d'une application dans Sugoi\n\n- Nom souhaité de l'application (sans accent): \n  - `reconnaissance-professionnelle`\n\n- **adresse mail de contact (BALF):**\n  - `dg75-dsi-domaine-sg@insee.fr` \n\n- instance de SUGOI:\n  - [X] [Hors-prod](https://gestion-comptes-utilisateurs.recette.insee.fr)\n  - [X] [Prod](https://gestion-comptes-utilisateurs.insee.fr)\n  - [X] [avec réplication vers la DMZ](https://comptes-utilisateurs.insee.fr)\n  - [ ] [avec réplication vers la DMZ recette](https://comptes-utilisateurs.recette.insee.fr)\n- realm (par défaut SSP): \n  - ` `\n\n- Idep à ajouter dans le groupe admin ``ASI_appli``, permettant de créer des groupes applicatifs et de les peupler :\n  - `B5GYC7`, `PL50HM`, `C0I8ZF`"", ""creation appli messagerie listmonk # [SUGOI] Demande pour la création d'une application dans Sugoi\n\n- Nom souhaité de l'application (sans accent): listmonk\n- **adresse mail de contact (BALF):** administration-messagerie@insee.fr\n\n- instance de SUGOI:\n  - [ ] [Hors-prod](https://gestion-comptes-utilisateurs.recette.insee.fr)\n  - [ ] [Prod](https://gestion-comptes-utilisateurs.insee.fr)\n  - [x] [avec réplication vers la DMZ](https://comptes-utilisateurs.insee.fr)\n  - [ ] [avec réplication vers la DMZ recette](https://comptes-utilisateurs.recette.insee.fr)\n- realm (par défaut SSP): SSP\n- Idep à ajouter dans le groupe admin ``ASI_appli``, permettant de créer des groupes applicatifs et de les peupler :\nok8mzb"", ""[SUGOI] Demande création sugoi # [SUGOI] Demande pour la création d'une application dans Sugoi\n\n- Nom souhaité de l'application (sans accent): obs_resp_SI\n- **adresse mail de contact (BALF):** valerie.bordet@insee.fr\n\n- instance de SUGOI:\n  - [ ] [Hors-prod](https://gestion-comptes-utilisateurs.recette.insee.fr)\n  - [x] [Prod](https://gestion-comptes-utilisateurs.insee.fr)\n  - [ ] [avec réplication vers la DMZ](https://comptes-utilisateurs.insee.fr)\n  - [ ] [avec réplication vers la DMZ recette](https://comptes-utilisateurs.recette.insee.fr)\n- realm (par défaut SSP): SSP\n- Idep à ajouter dans le groupe admin ``ASI_appli``, permettant de créer des groupes applicatifs et de les peupler : oekjww""]"
20,19,20,19_projet_namespace_documentation_la,"['projet', 'namespace', 'documentation', 'la', 'kube', 'droits', 'kubeapp', 'création', 'secrets', 'des']","[""[VAULT] Accès depuis namespace Kube # Demande d'accès à des secrets Vault depuis un namespace Kube\n\nConsultez:\n- la documentation KubeApp [sur la configuration Kube nécessaire](https://kubernetes.gitlab-pages.insee.fr/kubeapp/documentation/guide_utilisateurs/service_gestion_secrets/secrets_externes/)\n- la documentation IAHS [sur les droits associés à cet accès](https://gitlab.insee.fr/iahs/secrets/documentation/doc-publique/-/wikis/Acc%C3%A8s-Kube)\n\n/!\\ _Lors de la création des droits, il n'y a pas de création de l'arborescence. Celle-ci est créée lors de la création d'un premier secret.\nIl est donc normal à l'initialisation des droits de ne pas trouver le(s) dossier(s) `equipe/dev_*/` ou `<cluster>/<namespace>/*`_ /!\\\n\n## Environnement(s): \n\n**Vault horsprod:**\n- [x] Kubedev\n\n**Vault prod:**\n- [ ] Kubepreprod\n- [ ] Kubeprod\n    \n**Vault dmz:**\n- [ ] Kubepreprod\n- [ ] Kubeprod\n- [ ] Kubeppdmz\n- [ ] Kubedmz\n\n## Nom du namespace :\n\n- projet-idda\n\n## Chemins des secrets requis :\n\nap/backstage\n\n\n---"", ""[Vault] Accès depuis namespace Kube # Demande d'accès à des secrets Vault depuis un namespace Kube\n\nConsultez:\n- la documentation KubeApp [sur la configuration Kube nécessaire](https://kubernetes.gitlab-pages.insee.fr/kubeapp/documentation/guide_utilisateurs/service_gestion_secrets/secrets_externes/)\n- la documentation IAHS [sur les droits associés à cet accès](https://gitlab.insee.fr/iahs/secrets/documentation/doc-publique/-/wikis/Acc%C3%A8s-Kube)\n\n/!\\ _Lors de la création des droits, il n'y a pas de création de l'arborescence. Celle-ci est créée lors de la création d'un premier secret.\nIl est donc normal à l'initialisation des droits de ne pas trouver le(s) dossier(s) `equipe/dev_*/` ou `<cluster>/<namespace>/*`_ /!\\\n\n## Environnement(s): \n\n**Vault horsprod:**\n- [ ] Kubedev\n\n**Vault prod:**\n- [x] Kubepreprod\n- [ ] Kubeprod\n    \n**Vault dmz:**\n- [ ] Kubepreprod\n- [ ] Kubeprod\n- [ ] Kubeppdmz\n- [ ] Kubedmz\n\n## Nom du namespace :\n\n- projet-sirh \n\n## Chemins des secrets requis :\n`rh/apirh`\n\n> _sous la forme:_ \n>\n> ```<quartier>/<applicatif>``` pour le [coffre exploitant](https://gitlab.insee.fr/iahs/secrets/documentation/doc-publique#coffre-exploitant) (secrets-[horsprod|prodinterne|dmz])\n>\n> _ex:_ ```rh/mouvin```\n>\n> ```<nom-du-coffre>``` pour les [coffres produit](https://gitlab.insee.fr/iahs/secrets/documentation/doc-publique/-/wikis/home/Coffre-produit)\n>\n> _ex:_ ```resil```\n\n- \n\n---"", ""[VAULT] Accès depuis namespace Kube # Demande d'accès à des secrets Vault depuis un namespace Kube\n\nConsultez:\n- la documentation KubeApp [sur la configuration Kube nécessaire](https://kubernetes.gitlab-pages.insee.fr/kubeapp/documentation/guide_utilisateurs/service_gestion_secrets/secrets_externes/)\n- la documentation IAHS [sur les droits associés à cet accès](https://gitlab.insee.fr/iahs/secrets/documentation/doc-publique/-/wikis/Acc%C3%A8s-Kube)\n\n/!\\ _Lors de la création des droits, il n'y a pas de création de l'arborescence. Celle-ci est créée lors de la création d'un premier secret.\nIl est donc normal à l'initialisation des droits de ne pas trouver le(s) dossier(s) `equipe/dev_*/` ou `<cluster>/<namespace>/*`_ /!\\\n\n## Environnement(s): \n\n**Vault horsprod:**\n- [X] Kubedev\n\n**Vault prod:**\n- [ ] Kubepreprod\n- [ ] Kubeprod\n    \n**Vault dmz:**\n- [ ] Kubepreprod\n- [ ] Kubeprod\n- [ ] Kubeppdmz\n- [ ] Kubedmz\n\n## Nom du namespace :\n\n-  projet-observabilite\n\n## Chemins des secrets requis :\n\n> _sous la forme:_ \n>\n> ```<quartier>/<applicatif>``` pour le [coffre exploitant](https://gitlab.insee.fr/iahs/secrets/documentation/doc-publique#coffre-exploitant) (secrets-[horsprod|prodinterne|dmz])\n>\n> _ex:_ ```rh/mouvin```\n>\n> ```<nom-du-coffre>``` pour les [coffres produit](https://gitlab.insee.fr/iahs/secrets/documentation/doc-publique/-/wikis/home/Coffre-produit)\n>\n> _ex:_ ```resil```\n\n- ap/observabilite\n\n---""]"
21,20,19,20_secrets_kubeprod_kubepreprod_namespace,"['secrets', 'kubeprod', 'kubepreprod', 'namespace', 'horsprod', 'dmz', 'mutualisés', 'vaults', 'permettre', 'des']","[""Accès aux secrets Kraftwerk pour Kubeprod traiter # Demande pour permettre l'accès à des secrets des vaults mutualisés depuis un namespace Kube\n\n## Environnement: \n\n**Vault horsprod:**\n- [ ] Kubedev\n\n**Vault prod:**\n- [ ] Kubepreprod\n- [X] Kubeprod\n    \n**Vault dmz:**\n- [ ] Kubepreprod\n- [ ] Kubeprod\n- [ ] Kubeppdmz\n- [ ] Kubedmz\n\n## Nom du namespace :\n\n=> projet-traiter\n\n## Chemins des secrets requis :\n\n_sous la forme:_\n\n```secrets-[horsprod|prod-interne|dmz]/<quartier>/<applicatif> : <droits>```\n\n_ex:_ ```secrets-dmz/rh/mouvin : read, list```\n\n=> secrets-prod-interne/st/kraftwerk : read"", ""RMéS : accès au Vault de prodinterne depuis KubeProd # Demande pour permettre l'accès à des secrets des vaults mutualisés depuis un namespace Kube\n\n## Environnement: \n\n**Vault horsprod:**\n- [ ] Kubedev\n\n**Vault prod:**\n- [ ] Kubepreprod\n- [x] Kubeprod\n    \n**Vault dmz:**\n- [ ] Kubepreprod\n- [ ] Kubeprod\n- [ ] Kubeppdmz\n- [ ] Kubedmz\n\n## Nom du namespace :\n\n=> projet-metadonnees\n\n## Chemins des secrets requis :\n\n_sous la forme:_\n\n```secrets-[horsprod|prodinterne|dmz]/<quartier>/<applicatif> : <droits>```\n\n_ex:_ ```secrets-dmz/rh/mouvin```\n\n=> secrets-prodinterne/st/rmes/pd : lecture"", ""[VAULT] Accès depuis namespace Kube # Demande pour permettre l'accès à des secrets des vaults mutualisés depuis un namespace Kube\n\n## Environnement: \n\n**Vault horsprod:**\n- [ x ] Kubedev\n\n**Vault prod:**\n- [ ] Kubepreprod\n- [ ] Kubeprod\n    \n**Vault dmz:**\n- [ ] Kubepreprod\n- [ ] Kubeprod\n- [ ] Kubeppdmz\n- [ ] Kubedmz\n\n## Nom du namespace :\n\n=> projet-metadonnees\n\n## Chemins des secrets requis :\n\n_sous la forme:_\n\n```secrets-[horsprod|prodinterne|dmz]/<quartier>/<applicatif> : <droits>```\n\n_ex:_ ```secrets-dmz/rh/mouvin```\n\n=> secrets-horsprod/st/rmeswdai/dv2/service/elasticsearch : read""]"
22,21,19,21_sia_de_dsi_compte,"['sia', 'de', 'dsi', 'compte', 'le', 'mot', 'les', 'passe', 'crl', 'est']","['SSI Questions sur les comptes spéciaux Bonjour,\n\nDans le cadre de l’incubation avec le SHFDS fin février, nous avons mis en évidence plusieurs dysfonctionnements. \nJe m’interroge sur plusieurs questions concernant les comptes à pouvoir :\n-\tLors de l’audit de 2023, on avait la recommandation « empêcher la récupération d’empreinte de mot de passe NTLM d’un utilisateur (mettre en place credential guard + remote guard) : peut-on mettre en place cette mesure pour TOUS les comptes spéciaux ? le compte ADSIA.SIA.PRIV/ PD9-SVC-COHESITY-DR  a laissé son empreinte sur un SLINNG, nous avons pu récupérer son mot de passe (à 2 reprises). \nSi on déclare ce compte en « protected users » est-ce que cela résout le problème ? est-ce possible ?\n\n-\tPourquoi pouvons-nous ouvrir une session en admin sur les SLINNG avec le compte ADSIA.SIA.PRIV/ PD9-SVC-COHESITY-DR et le mot récupéré, sans poste SIA, depuis un poste hors réseau relié au SIP ?\n\n-\tPourquoi le mot de passe de ce compte, déjà compromis en fin 2024 lors de l’audit, est toujours le même en février 2025 ?\n\n-\tPourquoi les comptes suivants partagent-ils le même hash de mot de passe (donc le même mot de passe) ?\n\no\tdg57ceipdcontacts750 + pd_puppetiffodmz661 + dg57ceipdpuppetif573 \no\tDG57-CEI-AUTOMATE + PD0-VARONIS-SQL-SVC + PD0-VARONIS-SVC\n\nJ’espère ne pas m’être trompée de public. N’hésitez pas à transférer si il y d’autres acteurs qui pourraient apporter des réponses.\nJe suis disponible pour un échange sur le sujet si vous le souhaitez.\n\nCordialement.\n\nCéline GRACIA\nRSSI-adjointe', 'Compte SIA verrouillé Service concerné (Vault, keycloak, sugoi, AD, ...) : AD\n\nDescription de la demande :\n\nBonjour,\n\nHier, j’ai reçu des alertes sur mon poste SIA indiquant que le mot de passe de mon compte allait expirer. Si je ne me trompe pas, ce mot de passe est normalement généré automatiquement.\n\nCe matin, je ne peux plus ouvrir de session : mon compte est verrouillé.\n\nPouvez-vous m’indiquer la marche à suivre pour le déverrouiller et rétablir l’accès ?\n\nMerci d’avance pour votre aide.\n\nBien Cordialement,\n\nJordan', 'Suppression des délégations SIA (Services) ```eml\nDe : Wasylyszyn Brice \nEnvoyé : jeudi 15 mai 2025 13:10\nÀ : :DSI-Administration-des-Reseaux <dsi-reseaux@insee.fr>; :DSI-Poste-de-Travail-et-Serveur-d-Etablissement <dsi-pdt@insee.fr>; :DSI-Observabilite-SI <dsi-observabilite@insee.fr>; :DSI-Messagerie <dsi-messagerie@insee.fr>; :DSI-SOC <soc@insee.fr>; :DSI-Transfert-de-Donnees <dsi-transfert-donnees@insee.fr>; :DSI-Infrastructure-Developpement-Deploiement-Application <dsi-idda@insee.fr>; :DSI-Persistance-Des-Donnees <dsi-persistance-des-donnees@insee.fr>; :DSI-KubePlateforme <dsi-kubeplateforme@insee.fr>; :DG75-Equipe-Produit-Kube-Socle <equipe-produit-kube-socle@insee.fr>\nCc : :DSI-Infrastructure-Authentification-Habilitations-Secrets <dsi-ahs@insee.fr>; :DSI-Assistance-aux-Utilisateurs <contact-utilisateurs-informatique@insee.fr>; :DSI-Systeme-Infrastructure-Administration-Systeme-Information <dsi-systeme@insee.fr>; :DG75-Division Sécurité et Maîtrise des Risques <division-securite-et-maitrise-des-risques@insee.fr>; :DSI-Architecture-Infrastructure-Applicative <dsi-archi@insee.fr>\nObjet : [SIA] Mise en place des délégations par services: FIN\n\nBonjour,\n\nAprès analyses des avantages et des inconvénients de ces délégations, et suite à la publication des consignes permettant de changer le mot de passe connu d’un compte de service directement par les équipes, il apparait que ce système de délégation n’est plus nécessaire. Les équipes devront donc dorénavant faire la demande à l’équipe Assistance pour toute création d’un compte de service ou d’un groupe de sécurité au sein du domaine Active Directory ADSIA.\n\nCordialement\nBrice Wasylyszyn\n0240417795\n\nDe : Wasylyszyn Brice \nEnvoyé : mercredi 13 juillet 2022 14:36\nÀ : :DG57-CEI-Groupe-Systeme <dg57-cei-groupe-systeme@insee.fr>; :DG57-CEI-Postes de travail <dg57-cei-postes-de-travail@insee.fr>; :DG57-CEI-Groupe-Reseau <dg57-cei-groupe-reseau@insee.fr>; :DG57-CEI-SuiviExploitation <dg57-cei-suivi-de-l-exploitation@insee.fr>; :DR44-SNSI-P3I-Serveurs Systemes Stockage Sauvegarde <dr44-snsi-p3i-4s@insee.fr>; :DR44-SNSI-P3I-Infrastructure Reseau <dr44-snsi-p3i-infrastructure-reseau@insee.fr>\nCc : :DG57-Contact utilisateurs informatique <dg57-contact-utilisateur-informatique@insee.fr>; Graton Johann <johann.graton@insee.fr>; Rosal Julien <julien.rosal@insee.fr>; Wies Eric <eric.wies@insee.fr>; Sedeno Antonio <antonio.sedeno@insee.fr>; Aurimond Maxime <maxime.aurimond@insee.fr>; Moreau Antoine <antoine.moreau@insee.fr>; Munoz Sandrine <sandrine.munoz@insee.fr>; Valembois Nicolas <nicolas.valembois@insee.fr>; Morineau David <david.morineau@insee.fr>; Panafieu Nicolas <nicolas.panafieu@insee.fr>; Bordet Valérie <valerie.bordet@insee.fr>\nObjet : [SIA] Mise en place des délégations par services\n\nBonjour,\n\nJe viens de terminer la mise en place des délégations par service sur le domaine ADSIA.SIA.PRIV, cela signifie que vous pouvez avec votre compte ""SIAN_IDEP"" effectuer les actions suivantes sur l\'unité d\'organisation contenant les objets Active Directory relatifs à votre ""service"":\n\n•\tCréer / modifier / supprimer des comptes ordinateurs ou utilisateurs\n•\tCréer / modifier / supprimer des groupes et des OU\n•\tRéinitialiser / changer les mots de passe des comptes\n\nIl y a pour le moment 9 services qui sont concernés par ces délégations. Pour pouvoir en profiter, il vous suffit de faire une demande de compte ""SIAN_IDEP"" en précisant le service sur lequel vous êtes gestionnaire. Le CUGID se chargera de vous créer votre compte et de vous ajouter au groupe d\'administrateurs de service (ils sont nommés ""GSG-PD9-Administrators-SERVICE""). Il sera également nécessaire de refaire votre carte à puce afin d\'y intégrer le nouveau certificat.\n\nUne fois que vous êtes membre du groupe administrateurs de service, il vous suffit d\'ouvrir la console Active Directory Users and Computers avec votre compte SIAN_IDEP pour pouvoir effectuer les modifications dans les OU services concernées (la console AD est présente sur les serveurs d\'administration ou installable sur votre poste depuis le centre logiciel: outils RSAT). Les outils AD contiennent également les modules Powershell qui permettent d\'effectuer toutes les actions nécessaires en ligne de commande.\n\n \nLa mise en place des délégations par service est documentée dans le mode opératoire Les actes d\'administrations disponible sur le Gitlab du SIA. Cela nous permettra de créer aisément de nouvelles OU services et d\'y ajouter les délégations adéquates.  \n\nN\'hésitez pas à revenir vers moi si vous avez des questions ou si vous rencontrez des problèmes pour effectuer vos actions. \n\nPS: des problèmes sont toujours en cours pour accéder correctement à la console AD depuis le poste SIA, cela se traduit par une durée exagérément longue pour ouvrir la console et effectuer des actions. Préférez donc pour le moment l\'un des serveurs d\'administration prévu à cet effet. Une nouvelle communication sera envoyée lorsque le problème sera réglé.\n\nCordialement\nBrice Wasylyszyn\n \nIngénieur Système Microsoft\nINSEE - Direction Régionale des Pays de la Loire\nSNSI - P3I\n0240417795\n\n\n```']"
23,22,18,22_spoc_environnements_hr_recette,"['spoc', 'environnements', 'hr', 'recette', 'annuaire', 'création', 'dc1', '_les', 'créent', 'placés']","['[SPOC] Demande de creation de client ELBS ## Demande de création d\'un client Spoc\n\n_Les clients spoc se créent exclusivement dans l\'annuaire de recette et l\'annuaire de production AG._\n\nLes ```{""id"": ""<secret>"", ""password"": ""<secret>""}``` sont placés dans le coffre exploitant sous: \n\n```<quartier>/<monapplication>/equipe/IAHS/appli-ldap/``` \n\n- sur https://vault-horsprod-dc2 pour les environnements de recette\n- sur https://vault-prod-dc1 pour les environnements de prod\n\n<hr>\n\n**Nom du client :** appli_elbs\n\n- [x] Création en recette   \n- [ ] Création en prod \n\n\n<hr>', '[SPOC] Demande de creation de client pour l\'application COMPAS ## Demande de création d\'un client Spoc\n\n_Les clients spoc se créent exclusivement dans l\'annuaire de recette et l\'annuaire de production AG._\n\nLes ```{""id"": ""<secret>"", ""password"": ""<secret>""}``` sont placés dans le coffre exploitant sous: \n\n```<quartier>/<monapplication>/equipe/IAHS/appli-ldap/``` \n\n- sur https://vault-horsprod-dc2 pour les environnements de recette\n- sur https://vault-prod-dc1 pour les environnements de prod\n\n<hr>\n\n**Nom du client :** appli_COMPAS\n\n- [x] Création en recette   \n- [x] Création en prod \n\n\n<hr>', '[SPOC] Demande de creation de client ## Demande de création d\'un client Spoc\n\n_Les clients spoc se créent exclusivement dans l\'annuaire de recette et l\'annuaire de production AG._\n\nLes ```{""id"": ""<secret>"", ""password"": ""<secret>""}``` sont placés dans le coffre exploitant sous: \n\n```<quartier>/<monapplication>/equipe/IAHS/appli-ldap/``` \n\n- sur https://vault-horsprod-dc2 pour les environnements de recette\n- sur https://vault-prod-dc1 pour les environnements de prod\n\n<hr>\n\n**Nom du client :** appli_r2d2\n\n- [ x] Création en recette   \n- [ x] Création en prod \n\n\n<hr>']"
24,23,18,23_namespace_kubeprod_kubepreprod_vault,"['namespace', 'kubeprod', 'kubepreprod', 'vault', 'aucun', 'kubedmz', 'kubedev', 'kubeppdmz', 'acls', 'projet']","[""Nouveau namespace KubeDmz : role Vault # Demande d'accès à des secrets Vault depuis un namespace Kube\n\n## Environnement(s): \n\n**Vault horsprod:**\n- [ ] Kubedev\n\n**Vault prod:**\n- [ ] Kubepreprod\n- [ ] Kubeprod\n    \n**Vault dmz:**\n- [ ] Kubepreprod\n- [ ] Kubeprod\n- [ ] Kubeppdmz\n- [x] Kubedmz\n\n## Nom du namespace :\n\n- projet-std \n\n## Chemins des secrets requis :\n\n- aucun\n\n---"", ""nouveau namespace KubeProd : role Vault # Demande d'accès à des secrets Vault depuis un namespace Kube\n\n## Environnement(s): \n\n**Vault horsprod:**\n- [ ] Kubedev\n\n**Vault prod:**\n- [ ] Kubepreprod\n- [ ] Kubeprod\n    \n**Vault dmz:**\n- [ ] Kubepreprod\n- [x] Kubeprod\n- [ ] Kubeppdmz\n- [ ] Kubedmz\n\n## Nom du namespace :\n\n-  projet-elire\n\n## Chemins des secrets requis :\n\n- aucun\n\n---"", ""Nouveau namespace KubeProd : role Vault # Demande d'accès à des secrets Vault depuis un namespace Kube\n\n## Environnement(s): \n\n**Vault horsprod:**\n- [ ] Kubedev\n\n**Vault prod:**\n- [ ] Kubepreprod\n- [x] Kubeprod\n    \n**Vault dmz:**\n- [ ] Kubepreprod\n- [x] Kubeprod\n- [ ] Kubeppdmz\n- [ ] Kubedmz\n\n## Nom du namespace :\n\n-  projet-std\n\n## Chemins des secrets requis :\n\n- aucun\n\n---""]"
25,24,16,24_namespace_documentation_secrets_la,"['namespace', 'documentation', 'secrets', 'la', 'droits', 'des', 'création', 'kubeapp', 'gitlab', 'kube']","[""Demande acces pour le projet-estanpille # Demande d'accès à des secrets Vault depuis un namespace Kube\n\nConsultez:\n\n- la documentation KubeApp [sur la configuration Kube nécessaire](https://kubernetes.gitlab-pages.insee.fr/kubeapp/documentation/guide_utilisateurs/service_gestion_secrets/secrets_externes/)\n- la documentation IAHS [sur les droits associés à cet accès](https://gitlab.insee.fr/iahs/secrets/documentation/doc-publique/-/wikis/Acc%C3%A8s-Kube)\n\n/!\\\\ _Lors de la création des droits, il n'y a pas de création de l'arborescence. Celle-ci est créée lors de la création d'un premier secret. Il est donc normal à l'initialisation des droits de ne pas trouver le(s) dossier(s) `equipe/dev_*/` ou `<cluster>/<namespace>/*`_ /!\\\\\n\n## Environnement(s):\n\n**Vault horsprod:**\n\n- [ ] Kubedev\n\n**Vault prod:**\n\n- [ ] Kubepreprod\n- [x] Kubeprod\n\n**Vault dmz:**\n\n- [ ] Kubepreprod\n- [x] Kubeprod\n- [ ] Kubeppdmz\n- [ ] Kubedmz\n\n## Nom du namespace :\n\n- \n\n## Chemins des secrets requis :\n\n> _sous la forme:_\n>\n> `<quartier>/<applicatif>` pour le [coffre exploitant](https://gitlab.insee.fr/iahs/secrets/documentation/doc-publique#coffre-exploitant) (secrets-\\[horsprod|prodinterne|dmz\\])\n>\n> _ex:_ `rh/mouvin`\n>\n> `<nom-du-coffre>` pour les [coffres produit](https://gitlab.insee.fr/iahs/secrets/documentation/doc-publique/-/wikis/home/Coffre-produit)\n>\n> _ex:_ `resil`\n\n- \n\n---"", ""Demande d'accès aux secrets AM3DS depuis le namespace projet-profiam pour l'environnement de preprod # Demande d'accès à des secrets Vault depuis un namespace Kube\n\nConsultez:\n- la documentation KubeApp [sur la configuration Kube nécessaire](https://kubernetes.gitlab-pages.insee.fr/kubeapp/documentation/guide_utilisateurs/service_gestion_secrets/secrets_externes/)\n- la documentation IAHS [sur les droits associés à cet accès](https://gitlab.insee.fr/iahs/secrets/documentation/doc-publique/-/wikis/Acc%C3%A8s-Kube)\n\n/!\\ _Lors de la création des droits, il n'y a pas de création de l'arborescence. Celle-ci est créée lors de la création d'un premier secret.\nIl est donc normal à l'initialisation des droits de ne pas trouver le(s) dossier(s) `equipe/dev_*/` ou `<cluster>/<namespace>/*`_ /!\\\n\n## Environnement(s): \n\n**Vault prod:**\n- [ ] Kubepreprod\n    \n\n## Nom du namespace :\n\n-  projet-profiam\n\n## Chemins des secrets requis :\n\n> _sous la forme:_ \n>\n> ```<quartier>/<applicatif>``` pour le [coffre exploitant](https://gitlab.insee.fr/iahs/secrets/documentation/doc-publique#coffre-exploitant) (secrets-[horsprod|prodinterne|dmz])\n>\n> _ex:_ ```rh/mouvin```\n>\n> ```<nom-du-coffre>``` pour les [coffres produit](https://gitlab.insee.fr/iahs/secrets/documentation/doc-publique/-/wikis/home/Coffre-produit)\n>\n> _ex:_ ```resil```\n\n- ri/am3ds\n\n---"", ""Demande d'accès aux secrets csns depuis le namespace projet-profiam # Demande d'accès à des secrets Vault depuis un namespace Kube\n\nConsultez:\n\n- la documentation KubeApp [sur la configuration Kube nécessaire](https://kubernetes.gitlab-pages.insee.fr/kubeapp/documentation/guide_utilisateurs/service_gestion_secrets/secrets_externes/)\n- la documentation IAHS [sur les droits associés à cet accès](https://gitlab.insee.fr/iahs/secrets/documentation/doc-publique/-/wikis/Acc%C3%A8s-Kube)\n\n/!\\\\ _Lors de la création des droits, il n'y a pas de création de l'arborescence. Celle-ci est créée lors de la création d'un premier secret. Il est donc normal à l'initialisation des droits de ne pas trouver le(s) dossier(s) `equipe/dev_*/` ou `<cluster>/<namespace>/*`_ /!\\\\\n\n## Environnement(s):\n\n**Vault horsprod:**\n\n- [ ] Kubedev\n\n**Vault prod:**\n\n- [ ] Kubepreprod\n- [ ] Kubeprod\n\n## Nom du namespace :\n\n- projet-profiam\n\n## Chemins des secrets requis :\n\n> _sous la forme:_\n>\n> `<quartier>/<applicatif>` pour le [coffre exploitant](https://gitlab.insee.fr/iahs/secrets/documentation/doc-publique#coffre-exploitant) (secrets-\\[horsprod|prodinterne|dmz\\])\n>\n> _ex:_ `rh/mouvin`\n>\n> `<nom-du-coffre>` pour les [coffres produit](https://gitlab.insee.fr/iahs/secrets/documentation/doc-publique/-/wikis/home/Coffre-produit)\n>\n> _ex:_ `resil`\n\n- \n\n---""]"
26,25,16,25_wsus_certificat_cname_certificats,"['wsus', 'certificat', 'cname', 'certificats', 'windows', 'certificate', 'the', 'serveurs', '2025', 'la']","[""Génération des certificats WSUS Suite à la mise en place des nouveaux serveurs WSUS sur Windows Server 2025, aider l'équipe SYSTEME à mettre en place les certificats SSL."", 'Certificat pour service WSUS serveur 2025 Description de la demande :\nBonjour,\npour la bascule des services WSUS vers les serveurs 2025, il est prévu de mettre dans la configuration des GPO de remplacer le FQDN par un CNAME.  \nCela pose un soucis avec les certificats actuels qui ne connaissent pas le CNAME, ils ont déjà était demandé comme subject name le nom FQDN.  \nest il possible de refaire la demande de certificat avec FQDN + CNAME ? \n  \npdwsusdwd192.adsia.sia.priv CNAME wsus-dc01-zone100.adsia.sia.priv  \npdwsusdwd292.adsia.sia.priv CNAME wsus-dc02-zone100.adsia.sia.priv  \npdwsusdwd102.ad.insee.intra CNAME wsus-dc01-zone50.ad.insee.intra  \npdwsusdwd202.ad.insee.intra CNAME wsus-dc02-zone50.ad.insee.intra  \npdwsusuwd171.dmz.insee CNAME wsus-dc01-zone00.dmz.insee  \npdwsusdwd272.dmz.insee CNAME wsus-dc02-zone00.dmz.insee  \npdwsusuwd171.part.insee CNAME wsus-dc01-zone25.part.insee  \npdwsusdwd272.part.insee CNAME wsus-dc02-zone25.part.insee', 'Création d\'un modèle de certificat pour le VPN natif Windows Bonjour à tous,\n\nNous avons reçu cette réponde de la pat de l’ingénieur MS pour un nouveau Template de certificat.\nNous avions déjà évoqué le sujet avec vous\nPouvez-vous faire cette modification, pour que nous puissions réaliser des tests jeudi lors de notre prochain atelier, svp ?\n\nCordialement\n\nDe : Ramadan Krera <Ramadan.Krera@microsoft.com> \nEnvoyé : mardi 27 janvier 2026 08:45\nÀ : Saint-Albin Éric <eric.saint-albin@insee.fr>\nCc : Microsoft Support <supportmail@microsoft.com>; Boutrik Norsadet <norsadet.boutrik@insee.fr>; Rosal Julien <julien.rosal@insee.fr>; Boyer Thibaut <thibaut.boyer@insee.fr>\nObjet : RE: configuration du client VPN natif Windows 11 avec passerelle Stormshield - TrackingID#2601080050003197\n\nGood Morning 😊 I understand. You can work on the other side, with the PKI team to make a certificate meet the requirements. Certificate contains both of the EKUs. IkeEkuCriteriaMatch() - 38|195.\u200a221.\u200a31.\u200a211|Matching eku: 1.\u200a3.\u200a6.\u200a1.\u200a5.\u200a5.\u200a7.\u200a3.\u200a2\nZjQcmQRYFpfptBannerStart\nCe courriel provient d\'un expéditeur extérieur à l\'Insee. \n""Compte tenu du contexte de menace cyber actuel, il convient d\'être extrêmement vigilant sur l\'émetteur et son contenu avant d\'ouvrir une pièce jointe, de cliquer sur un lien internet présent dans ce message ou d\'y répondre.""\nPour toutes informations complémentaires concernant la messagerie, veuillez consulter son site symphonie : Messagerie \n\n\n\nZjQcmQRYFpfptBannerEnd\nGood Morning 😊\n\nI understand.\nYou can work on the other side, with the PKI team to make a certificate meet the requirements. \nCertificate contains both of the EKUs.\n\nIkeEkuCriteriaMatch() -  38|195.221.31.211|Matching eku: 1.3.6.1.5.5.7.3.2 \uf0e0 Client Authentication \nIkeEkuCriteriaMatch() -  38|195.221.31.211|Matching eku: 1.3.6.1.5.5.8.2.2 \uf0e0 IKE Intermediate \n\n\nRegards,\n\nRamadan Krera\nSr Tech Support Eng SE, Windows Networking EMEA\nCustomer Service and Support\nOffice: +20 (2) 35393344\nManager Mohamed Helmy <Mohamed.Helmy@microsoft.com> +20 (2) 35319115']"
27,26,15,26_gsg_groupes_adminr_pd9,"['gsg', 'groupes', 'adminr', 'pd9', 'kubesocle', 'kube_socle', 'groupe', 'kube_app', 'po', 'usersia']","[""[GSG-PD9-UserSIA-KUBE_SOCLE] Créer les groupes UserSIA Service concerné (Vault, keycloak, sugoi, AD, ...) :\n\nDescription de la demande : \n\nEn tant qu'équipe KubeSocle, je souhaite demander la création des groupes AD contenant les comptes utilisateurs pour les équipes KubeSocle: **GSG-PD9-UserSIA-KUBE_SOCLE** et KubeApp: **GSG-PD9-UserSIA-KUBE_APP** + la création d'un groupe commun: **GSG-PD9-UserSIA-KUBE** contenant les 2 groupes précédents et le **PO**.\n\nDONE :\n\n* [ ] Demande :\n  * [x] créer GSG-PD9-UserSIA-KUBE_SOCLE: KubeSocle\n  * [x] peupler GSG-PD9-UserSIA-KUBE_APP: KubeApp\n  * [x] créer GSG-PD9-UserSIA-KUBE: contenant les groupes ci-dessus: GSG-PD9-UserSIA-KUBE_SOCLE + GSG-PD9-UserSIA-KUBE_APP + PO\n* [ ] Vérification dans l'AD\n\nRépartition des comptes:\n\n* KubeSocle: SIA_SFPJAS(Pascal) + sia_n1kul8(Maurice) + sia_ftz4f8(Olivier) + SIA_ZA144C(Mathieu)\n* KubeApp: SIA_NU1HG8(Lucas) + SIA_YSTFG5(Donatien) + sia_vlhjau(Jean-Baptiste) + SIA_QGOLYJ(Floriane)\n* PO: SIA_Y8J19F(Nicolas Valembois)\n\n:point_right: La demande de suppression des anciens groupes sera faite ultérieurement"", ""[GSG-PD7-AdminR-KUBE_SOCLE] Créer les groupes AD DMZ Service concerné AD DMZ\n\nDescription de la demande :\n\nEn tant qu'équipe KubeSocle, je souhaite demander la création des groupes AD contenant les comptes en R pour les équipes KubeSocle: **GSG-PD7-AdminR-KUBE_SOCLE** et KubeApp: **GSG-PD7-AdminR-KUBE_APP** + la création d'un groupe commun: **GSG-PD7-AdminR-KUBE** contenant les 2 groupes précédents et le **PO**.\n\nDONE :\n\n- [x] créer GSG-PD7-AdminR-KUBE_SOCLE: KubeSocle\n- [x] créer GSG-PD7-AdminR-KUBE_APP: KubeApp\n- [x] créer GSG-PD7-AdminR-KUBE: GSG-PD7-AdminR-KUBE-SOCLE + GSG-PD7-AdminR-KUBE_APP + PO\n- [x] Vérification dans l'AD\n\nRépartition des comptes:\n\n* KubeSocle: R_SFPJAS(Pascal) + r_n1kul8(Maurice) + r_ftz4f8(Olivier) + R_ZA144C(Mathieu)\n* KubeApp: R_NU1HG8(Lucas) + R_YSTFG5(Donatien) + r_vlhjau(Jean-Baptiste) + R_QGOLYJ(Floriane)\n* PO: R_Y8J19F(Nicolas Valembois)\n\n:point_right: La demande de suppression des anciens groupes sera faite ultérieurement"", ""[GSG-PD0-AdminR-KUBE] Créer les groupes AD SIP Service concerné: AD:\n\nDescription de la demande : \n\nEn tant qu'équipe KubeSocle, je souhaite demander la création des groupes AD contenant les comptes en R pour les équipes KubeSocle: **GSG-PD0-AdminR-KUBE_SOCLE** et KubeApp: **GSG-PD0-AdminR-KUBE_APP** + la création d'un groupe commun: **GSG-PD0-AdminR-KUBE** contenant les 2 groupes précédents et le **PO**.\n\nDONE :\n\n* [x] créer GSG-PD0-AdminR-KUBE_SOCLE: KubeSocle\n* [x] créer GSG-PD0-AdminR-KUBE_APP: KubeApp\n* [x] créer GSG-PD0-AdminR-KUBE: GSG-PD0-AdminR-KUBE_SOCLE + GSG-PD0-AdminR-KUBE_APP + PO\n* [x] Vérification dans l'AD\n\nRépartition des comptes:\n\n* KubeSocle: R_SFPJAS(Pascal) + r_n1kul8(Maurice) + r_ftz4f8(Olivier) + R_ZA144C(Mathieu)\n* KubeApp: R_NU1HG8(Lucas) + R_YSTFG5(Donatien) + r_vlhjau(Jean-Baptiste) + R_QGOLYJ(Floriane)\n* PO: R_Y8J19F(Nicolas Valembois)\n\n:point_right: La demande de suppression des anciens groupes sera faite ultérieurement""]"
28,27,14,27_sugoi_utilisateurs_cors_preprod,"['sugoi', 'utilisateurs', 'cors', 'preprod', 'comptes', 'les', 'ajouter', 'dans', 'de', 'appli_coltrane']","[""[Coltrane] Ajouter les droits Sugoi pour Spoc pour le compte applicatif Coltrane Demande générale: est-il possible d'ajouter les droits de clients_Spoc dans Sugoi pour le compte de service  appli_Coltrane-Pilotage sur le sugoi de hors prod https://gestion-comptes-utilisateurs.recette.insee.fr/realm/SSP/applications/SPOC"", ""[Sugoi] Ajouter des urls dans les CORS allowedOrigins pour l'API Sugoi Service concerné (Vault, keycloak, sugoi, AD, ...) : Sugoi\n\nDescription de la demande : Ajouter des urls autorisées dans le CORS de l'API Sugoi\n\nNotre application frontend a besoin de récupérer les groupes de notre application dans Sugoi.  \nVu que notre application est interne, il est possible de les récupérer avec le token de l'utilisateur directement depuis notre Frontend.\n\nPour ça il faudrait que ces urls soit rajouté dans les [cors de hors-prod dv](https://gitlab.insee.fr/infra-puppet/control-repo/control-repo-horsprod/-/blob/horsprod/data/an/sugoi/dv/api-interne/common.yaml?ref_type=heads#L71) : \n- https://plateforme-de-donnees-bo-dv.recette.insee.fr/\n- https://plateforme-de-donnees-bo-qf.recette.insee.fr/\n\nEt dans les [cors de prodinterne pd](https://gitlab.insee.fr/infra-puppet/control-repo/control-repo-prodinterne/-/blob/prodinterne/data/an/sugoi/pd/api/common.yaml?ref_type=heads#L73) :\n- https://diffusion-gestion-producteur.preprod.insee.fr/\n\nP.S : Si vous préférez que l'on fasse un compte applicatif et un passe-plat avec notre API dites le nous"", ""[Sugoi] Ajouter des urls dans les CORS allowedOrigins pour l'API Sugoi Service concerné (Vault, keycloak, sugoi, AD, ...) : Sugoi\n\nDescription de la demande : Ajouter des urls autorisées dans le CORS de l'API Sugoi\n\nNos applications frontend de Melodi et Plateforme de données ont besoin de récupérer les groupes de nos applications dans Sugoi.\\\nVu que nos applications sont internes, il est possible de les récupérer avec le token de l'utilisateur directement depuis notre Frontend.\n\nPour ça il faudrait que cette url soit rajoutée dans les [CORS de hors-prod de QF](https://gitlab.insee.fr/infra-puppet/control-repo/control-repo-horsprod/-/blob/horsprod/data/an/sugoi/qf/apiinterne/common.yaml?ref_type=heads) :\n\n* https://melodi-bo.developpement.insee.fr\n\nEt dans les [cors de prodinterne pd](https://gitlab.insee.fr/infra-puppet/control-repo/control-repo-prodinterne/-/blob/prodinterne/data/an/sugoi/pd/api/common.yaml?ref_type=heads#L73) :\n\n* [https://diffusion-gestion-producteur.insee.fr/](https://diffusion-gestion-producteur.preprod.insee.fr/)\n\nMerci d'avance""]"
29,28,13,28_un_demande_thème_déployer,"['un', 'demande', 'thème', 'déployer', 'résulte', 'opération', 'vault_csns', '443', 'ou', 'si']","['[FIRING:1]  (Vault Log Alert VAULT csns-vault.insee.fr:443 vault_csns) Merci de choisir le template d\'issue le plus adapté (champ ""Description"" juste au dessus)\n\n- Demande générale : pour demander à réaliser une opération immédiate ou planifiée, qui ne résulte pas d\'un dysfonctionnement\n- Demande de changement d\'url d\'un cient Keycloak : si la demande concerne spécifiquement cette opération\n- Demande pour un thème Keycloak: demande pour merger un thème et le déployer, ou déployer un thème déjà mergé \n- Demande d\'accès à Vault depuis Kube\n- Déclaration d\'incident : si votre requête résulte de l\'observation d\'un dysfocntionnement ou d\'une régression sur un de nos service', '[FIRING:1]  (Vault Log Alert VAULT csns-vault.insee.fr:443 vault_csns) Merci de choisir le template d\'issue le plus adapté (champ ""Description"" juste au dessus)\n\n- Demande générale : pour demander à réaliser une opération immédiate ou planifiée, qui ne résulte pas d\'un dysfonctionnement\n- Demande de changement d\'url d\'un cient Keycloak : si la demande concerne spécifiquement cette opération\n- Demande pour un thème Keycloak: demande pour merger un thème et le déployer, ou déployer un thème déjà mergé \n- Demande d\'accès à Vault depuis Kube\n- Déclaration d\'incident : si votre requête résulte de l\'observation d\'un dysfocntionnement ou d\'une régression sur un de nos service', '[FIRING:1]  (Vault Log Alert VAULT csns-vault.insee.fr:443 vault_csns) Merci de choisir le template d\'issue le plus adapté (champ ""Description"" juste au dessus)\n\n- Demande générale : pour demander à réaliser une opération immédiate ou planifiée, qui ne résulte pas d\'un dysfonctionnement\n- Demande de changement d\'url d\'un cient Keycloak : si la demande concerne spécifiquement cette opération\n- Demande pour un thème Keycloak: demande pour merger un thème et le déployer, ou déployer un thème déjà mergé \n- Demande d\'accès à Vault depuis Kube\n- Déclaration d\'incident : si votre requête résulte de l\'observation d\'un dysfocntionnement ou d\'une régression sur un de nos service']"
30,29,12,29_namespace_des_projet_vaults,"['namespace', 'des', 'projet', 'vaults', 'secrets', 'permettre', 'accès', 'kubedev', 'mutualisés', 'requis']","[""Demande pour permettre l'accès à des secrets vaults depuis le namespace projet-rp-omer-menage KubeDev # Demande pour permettre l'accès à des secrets des vaults mutualisés depuis un namespace Kube\n\n## Environnement: \n\n**Vault horsprod:**\n- Kubedev\n\n## Nom du namespace :\n\n- projet-rp-omer-menage\n\n## Chemins des secrets requis :\n\n- secret-horsprod/rp/homere"", ""[PROFIAM]: mise en place des droits d'accès sur les secrets du coffre RESIL pour le namespace profiam de KubeDev et KubePreProd # Demande pour permettre l'accès à des secrets des vaults mutualisés depuis un namespace Kube\n\n\n## Environnement: \n\n**Vault horsprod:**\n- [x] Kubedev\n\n**Vault prod:**\n- [x] Kubepreprod\n    \n\n## Nom du namespace : \n\n=> projet-profiam\n\n## Chemins des secrets requis : \n\n=> resil"", ""[PROFIAM] Demande pour permettre l'accès à des secrets des vaults mutualisés depuis un namespace Kube # Demande pour permettre l'accès à des secrets des vaults mutualisés depuis un namespace Kube\n\n## Environnement: \n\n**Vault horsprod:**\n- [ ] Kubedev\n\n\n\n## Nom du namespace :\n\n=> projet-profiam\n\n## Chemins des secrets requis :\n\n=> secrets-horsprod/ri/csns : read, list""]"
