Q2: Question,Q2: Réponse,Q3: Question,Q3: Réponse,Q3: Commentaire,Q4: Question,Q4: Réponse,Q4: Commentaire,Q5: Question,Q5: Réponse,Q5: Commentaire,Q6: Question,Q6: Réponse,Q6: Commentaire,Q7: Question,Q7: Réponse,Q7: Commentaire,Q8: Question,Q8: Réponse,Q8: Commentaire,Q9: Question,Q9: Réponse,Q9: Commentaire,Q10: Question,Q10: Réponse,Q10: Commentaire,Q11: Question,Q11: Réponse,Q12: Question,Q12: Réponse,Q13: Question,Q13: Réponse
Dans quel service développez-vous ?,Non renseigné,"Votre avis sur l'offre d'outils pour le développement IDE, gitlab, CI/CD, podman, sonar, compas, oscar, etc.",Non renseigné,Non renseigné,"Votre avis sur l'offre de service devops VM accès à l'offre de service et à sa documentation, facilité d'utilisation, qualité du support...",Non renseigné,Non renseigné,"Votre avis sur l'offre de service devops Kube accès à l'offre de service et à sa documentation, facilité d'utilisation, qualité du support...",Non renseigné,Non renseigné,"Votre avis sur l'outillage pour la sécurité les PES, analyzer, checkmarx, gitleaks,etc.",Non renseigné,Non renseigné,"Votre avis sur l'offre de service d'observabilité monitor Elastic, Graphana, Glowroot, etc.",Non renseigné,Non renseigné,"Votre avis sur l'animation du dev ? Séminaires du dev, devops ac, kata, dojo, retex, prestations Ippon, etc.",Non renseigné,Non renseigné,Formation & support,Non renseigné,Non renseigné,Votre avis global sur votre expérience de développeur à l'Insee,Non renseigné,Non renseigné,Si vous aviez trois choses à améliorer ce serait,Non renseigné,Si vous deviez lister 3 points forts,Non renseigné,Depuis un an vous diriez :,Non renseigné
Dans quel service développez-vous ?,SNDIP,"Votre avis sur l'offre d'outils pour le développement IDE, gitlab, CI/CD, podman, sonar, compas, oscar, etc.",5,Non renseigné,"Votre avis sur l'offre de service devops VM accès à l'offre de service et à sa documentation, facilité d'utilisation, qualité du support...",5,Non renseigné,"Votre avis sur l'offre de service devops Kube accès à l'offre de service et à sa documentation, facilité d'utilisation, qualité du support...",3,Non renseigné,"Votre avis sur l'outillage pour la sécurité les PES, analyzer, checkmarx, gitleaks,etc.",5,Non renseigné,"Votre avis sur l'offre de service d'observabilité monitor Elastic, Graphana, Glowroot, etc.",3,Non renseigné,"Votre avis sur l'animation du dev ? Séminaires du dev, devops ac, kata, dojo, retex, prestations Ippon, etc.",4,Non renseigné,Formation & support,4,Non renseigné,Votre avis global sur votre expérience de développeur à l'Insee,4,Non renseigné,Si vous aviez trois choses à améliorer ce serait,Non renseigné,Si vous deviez lister 3 points forts,Non renseigné,Depuis un an vous diriez :,Que votre expérience développeur est la même
Dans quel service développez-vous ?,SNDIL,"Votre avis sur l'offre d'outils pour le développement IDE, gitlab, CI/CD, podman, sonar, compas, oscar, etc.",4,"Pas de licences pro disponibles pour les IDE.
Podman fonctionne beaucoup mieux que l'année passée
Globalement tout marche et l'écosystème est plutôt complet
Petit bonus pour la disponibilité systématique dans le centre logiciel","Votre avis sur l'offre de service devops VM accès à l'offre de service et à sa documentation, facilité d'utilisation, qualité du support...",3,Rundeck qui rame de plus en plus c'est l'enfer,"Votre avis sur l'offre de service devops Kube accès à l'offre de service et à sa documentation, facilité d'utilisation, qualité du support...",4,"j'utilise peu mais ça viendra
les tests sont prometteurs, modulo la récupération des logs","Votre avis sur l'outillage pour la sécurité les PES, analyzer, checkmarx, gitleaks,etc.",4,"gros progrès du contenu de compass, mais il y a des différences entre checkmark et analyzer
disparition des gitleaks -> gros effet incitatif du point hebdomadaire du DSI","Votre avis sur l'offre de service d'observabilité monitor Elastic, Graphana, Glowroot, etc.",Non renseigné,Non renseigné,"Votre avis sur l'animation du dev ? Séminaires du dev, devops ac, kata, dojo, retex, prestations Ippon, etc.",3,"Manque de pratique collective en dehors du SNDI, peu d'intéractions avec les autres devs de France",Formation & support,2,"Les formations gagneraient à être proposées au niveau national : les mails annonçant qu'il reste 1/2 places pour la formation Prompt IA faites dans tel SNDI pour avoir comme réponse => plus de place, et probablement pas assez de participants dans mon SNDI pour organiser une session de cette formation.
Les formateurs externes sont de qualité variable, quelques bonnes surprises, quelques grosses déceptions également.
Le ressenti sur l'offre de formation technique : pas grand chose de disponible => du contenu sur makaret pour de l'autoformation / mise à jour /découverte de Framework  langage",Votre avis global sur votre expérience de développeur à l'Insee,3,"J'ai l'impression de ne pas pouvoir donner le meilleur de moi-même, l'impression de stagner d'un point de vue compétences.
=> pas l'impression que l'entretien annuel soit bien adapté",Si vous aviez trois choses à améliorer ce serait,"la formation
la cohésion/coopération inter SNDI
la présence de babyfoot dans les services info",Si vous deviez lister 3 points forts,"l'évolution positive de l'outillage (au regard du passé:  les fiches de demande de mise en prod au format word...)
l'organisation de l'offre de service
la place disponible pour installer un babyfoot",Depuis un an vous diriez :,Que votre expérience développeur s'est améliorée
Dans quel service développez-vous ?,SNDIN,"Votre avis sur l'offre d'outils pour le développement IDE, gitlab, CI/CD, podman, sonar, compas, oscar, etc.",3,"Les outils sont bien, mais il manque clairement un site documentaire unique, clair et bien organisé. Actuellement on trouve des informations éparpillées un peu partout et très mal organisées : certaines sur le site du portail des connaissances du SNDIN (mais les autres SNDI ???), des documents éparpillés un peu partout sur les différents dépôt git sans qu’on sache où les chercher, des liens qui meurent sans redirection (exemple : https://iahs.gitlab-pages.insee.fr/Offre%20secrets/Le%20coffre%20exploitant/Coffre-exploitant/) , et sur le site du SNDIN, des infos techniques sur des outils sont bien cachées dans ""bonnes pratiques"", etc...","Votre avis sur l'offre de service devops VM accès à l'offre de service et à sa documentation, facilité d'utilisation, qualité du support...",1,"Support : personne ne sait jamais qui est responsable de quoi, on ne sait jamais à qui s’adresser. Il suffirait d’une liste recensant qui fait quoi et à quel canal tchap cela correspond !","Votre avis sur l'offre de service devops Kube accès à l'offre de service et à sa documentation, facilité d'utilisation, qualité du support...",Non renseigné,Non renseigné,"Votre avis sur l'outillage pour la sécurité les PES, analyzer, checkmarx, gitleaks,etc.",1,"Manque énorme de documentation. On reçoit ordres et contre-ordres sur le canal iahs (parfois à 6 mois d’intervalle), sans explications (nous ne sommes pas experts en sécurité), sans savoir si nous sommes concernés ou pas (et sans explications sur la procédure à suivre pour le déterminer). Et tout ça mélangé avec les nombreuses demandes d’aide. Il est difficile de ne pas rater d’informations importantes. Pour commencer, pourquoi ne pas faire un canal pour les demandes d’aide et un AUTRE pour les communications importantes ! Ça nous ferait gagner énormément de temps et diminuerait le risque d’erreur.
Encore mieux : faire une page dédiée avec la liste des opérations à faire pour nous et des liens vers des explications pour les béotiens que nous sommes...","Votre avis sur l'offre de service d'observabilité monitor Elastic, Graphana, Glowroot, etc.",Non renseigné,Non renseigné,"Votre avis sur l'animation du dev ? Séminaires du dev, devops ac, kata, dojo, retex, prestations Ippon, etc.",2,Il ne se passe plus grand-chose depuis le printemps 2025 côté coding dojo. Dommage.,Formation & support,4,"Les formations sont bien faites, le support au développement est efficace (une fois qu’on sait à qui s’adresser et s’ils sont disponibles)",Votre avis global sur votre expérience de développeur à l'Insee,3,"Il y a de très bonnes choses :  le temps qu’on a pour se former et progresser, les partages d’expérience (si on remet les coding dojo), beaucoup de formations en particulier pour les nouveaux, la possibilité d’assister à des événements locaux ou entre les SNDI.
Par contre l’infrastructure pose problème : difficulté pour identifier le(s) interlocuteur(s), manque d’information (ou trop d’informations vu que tout est mélangé), manque d’une entrée unique pour savoir quelles sont les opérations techniques que nous avons à faire (SOS, leaks, canaux iahs, persistance etc...). (ça pose particulièrement problème en période de congés, si le leader technique est absent, parfois il ne peut pas relire 15 jours de 10 canaux tchap et le reste de l’équipe peut oublier de lui en parler...)",Si vous aviez trois choses à améliorer ce serait,"Priorité absolue : la communication du SNSSI  :  une page avec la liste de ""qui s’occupe de quoi"", une liste officielle et commune de tout ce que nous avons à faire sur les projets (et pas éparpillé sur 4 outils et 10 canaux tchap...), et arrêter de mélanger les canaux entre informations importantes (""choses à faire"") et résolution de problèmes particuliers.
Moduler la priorité des problèmes de sécurité en fonction du contexte technique (appli publiques ou non, ou batch, données sensibles ou non...)
Refaire des coding dojo.",Si vous deviez lister 3 points forts,"L’ambiance entre collègues, la volonté de bien faire de tous (dans l’équipe et entre équipes)
Les formations.
La confiance accordée aux équipes de développement (pas de micro-management ou de flicage).",Depuis un an vous diriez :,Que votre expérience développeur est la même
Dans quel service développez-vous ?,SNDIP,"Votre avis sur l'offre d'outils pour le développement IDE, gitlab, CI/CD, podman, sonar, compas, oscar, etc.",4,Non renseigné,"Votre avis sur l'offre de service devops VM accès à l'offre de service et à sa documentation, facilité d'utilisation, qualité du support...",4,"L'utilisation est aisée: les jobs rundecks sont faciles à utiliser.
Qualité du support irréprochable, on a toujours une réponse et très vite.
Par contre la documentation doit être mise à jour. Et étoffer la FAQ.
Il m'arrive très souvent d'avoir un besoin, de savoir qu'il y a un job pour ça mais je ne sais pas lequel c'est. Heureusement le support tchap est efficace","Votre avis sur l'offre de service devops Kube accès à l'offre de service et à sa documentation, facilité d'utilisation, qualité du support...",4,"très bien, le chart helm générique facilite l'utilisation. Support très bon également","Votre avis sur l'outillage pour la sécurité les PES, analyzer, checkmarx, gitleaks,etc.",4,"très peu convaincu par checkmarx, il n'a jamais ressorti quelque chose d'intéressant.","Votre avis sur l'offre de service d'observabilité monitor Elastic, Graphana, Glowroot, etc.",3,"Par la partie monitor avec elastic à la place des QOE l'offre est satisfaisante. 
Pour la partie glowroot c'est parfois laborieux, il y a souvent des problèmes de mise en place pour se connecter puis on ne retrouve des fois pas nos machines.","Votre avis sur l'animation du dev ? Séminaires du dev, devops ac, kata, dojo, retex, prestations Ippon, etc.",4,très bien!,Formation & support,2,"il n'y a pas d'offre de formation autour de l'IA, c'est à nous de monter en compétence nous même, dommage. Pour la partie kube elle serait imminente, on l'attend avec impatience.",Votre avis global sur votre expérience de développeur à l'Insee,4,Non renseigné,Si vous aviez trois choses à améliorer ce serait,"'- définir très clairement ce qu'un développeur a le droit de faire ou pas avec l'IA.
- publier un article ""Je viens de migrer sur kube, comment décommissionner mes VMs?""
- donner plusieurs sessions de formation à kube",Si vous deviez lister 3 points forts,"'- le support tchap
- le devops 
- sentiment d'être à l'état de l'art",Depuis un an vous diriez :,Que votre expérience développeur s'est améliorée
Dans quel service développez-vous ?,SNDIP,"Votre avis sur l'offre d'outils pour le développement IDE, gitlab, CI/CD, podman, sonar, compas, oscar, etc.",5,Non renseigné,"Votre avis sur l'offre de service devops VM accès à l'offre de service et à sa documentation, facilité d'utilisation, qualité du support...",3,"Documentation pas assez mise en avant
Lenteur sur Rundeck","Votre avis sur l'offre de service devops Kube accès à l'offre de service et à sa documentation, facilité d'utilisation, qualité du support...",5,Non renseigné,"Votre avis sur l'outillage pour la sécurité les PES, analyzer, checkmarx, gitleaks,etc.",5,Non renseigné,"Votre avis sur l'offre de service d'observabilité monitor Elastic, Graphana, Glowroot, etc.",Non renseigné,Non renseigné,"Votre avis sur l'animation du dev ? Séminaires du dev, devops ac, kata, dojo, retex, prestations Ippon, etc.",5,Non renseigné,Formation & support,5,Non renseigné,Votre avis global sur votre expérience de développeur à l'Insee,5,Non renseigné,Si vous aviez trois choses à améliorer ce serait,Non renseigné,Si vous deviez lister 3 points forts,Non renseigné,Depuis un an vous diriez :,Que votre expérience développeur est la même
Dans quel service développez-vous ?,SNDIO,"Votre avis sur l'offre d'outils pour le développement IDE, gitlab, CI/CD, podman, sonar, compas, oscar, etc.",Non renseigné,Non renseigné,"Votre avis sur l'offre de service devops VM accès à l'offre de service et à sa documentation, facilité d'utilisation, qualité du support...",Non renseigné,Non renseigné,"Votre avis sur l'offre de service devops Kube accès à l'offre de service et à sa documentation, facilité d'utilisation, qualité du support...",3,Non renseigné,"Votre avis sur l'outillage pour la sécurité les PES, analyzer, checkmarx, gitleaks,etc.",2,Non renseigné,"Votre avis sur l'offre de service d'observabilité monitor Elastic, Graphana, Glowroot, etc.",3,Non renseigné,"Votre avis sur l'animation du dev ? Séminaires du dev, devops ac, kata, dojo, retex, prestations Ippon, etc.",3,Non renseigné,Formation & support,Non renseigné,Non renseigné,Votre avis global sur votre expérience de développeur à l'Insee,1,Non renseigné,Si vous aviez trois choses à améliorer ce serait,arrêter le devops,Si vous deviez lister 3 points forts,Non renseigné,Depuis un an vous diriez :,Que votre expérience développeur s'est dégradée
Dans quel service développez-vous ?,SNDIO,"Votre avis sur l'offre d'outils pour le développement IDE, gitlab, CI/CD, podman, sonar, compas, oscar, etc.",4,"Les outils sont en général, les bons, seul point complexe pour docker/podman et le poste windows. Ce montage consomme énormément de temps pour réaliser des opérations. Docker est incontournable, il est urgent de basculer sur linux en gardant en priorité cet aspect performance.","Votre avis sur l'offre de service devops VM accès à l'offre de service et à sa documentation, facilité d'utilisation, qualité du support...",3,"L'offre VM la plus intéressante à mon sens étant Cactus, la documentation est obsolète, et l'aide faible, d’où cette note.","Votre avis sur l'offre de service devops Kube accès à l'offre de service et à sa documentation, facilité d'utilisation, qualité du support...",3,"L'offre est présente, encore incomplète, la documentation est la mais adresser des problématiques d'OPS à des développeurs reste une problématique qui nécessiterait un niveau de service plus élevé, dans le sens, plus assisté et cachant beaucoup plus la plomberie technique de kubernetes. Après tout, si les consommateurs du service doivent savoir comment fonctionne l'entité qui leur rend service, est-ce vraiment un service rendu ?","Votre avis sur l'outillage pour la sécurité les PES, analyzer, checkmarx, gitleaks,etc.",3,"Les outils sont plutôt bons, même si, il est difficile de s'y retrouver. Cependant, le coté systématique et parfois non pragmatique des durcissements laisse planer une impression de paranoïa. ( exemple avec la prise en compte des dépendances scope ""test"" dans les analyses.)","Votre avis sur l'offre de service d'observabilité monitor Elastic, Graphana, Glowroot, etc.",4,"Le service rendu pour l'instant ressemble plus a une mise à disposition d'outil à configurer soit même. Le sujet étant autant important dans l'univers kube, il est dommage qu'il soit décorrélé de kube ( en organisation et donc en personne à contacter et donc en documentation).
D'un point de vue développeur, constituer une application cloud dans kubernetes avec l’écosystème mis en place demande au développeur d'avoir énormément d'interlocuteurs.","Votre avis sur l'animation du dev ? Séminaires du dev, devops ac, kata, dojo, retex, prestations Ippon, etc.",2,"Les prestations Ippon sont de qualités, elles sont précieuses. En revanche le reste ne traite quasiment pas de méthode ni de concept, c'est beaucoup de technologie et d'outil, les développeurs se posent encore trop peu la question de la qualité et de l'après. La technologie permet de faire ca, mais est-ce que c'est une bonne idée de le faire ?",Formation & support,4,Les formations sont globalement du niveau nécessaire pour les développeurs. Il est plus difficile d'avoir accès a des formations pour les experts.,Votre avis global sur votre expérience de développeur à l'Insee,3,"Le niveau demandé actuellement pour un développeur est très élevé, même en comparaison avec ce qui se fait de mieux à l’extérieur. Le organisationnel en grandes notions induit un nombre important d'interlocuteur et une absence d'offre ""clé en main"" centrale qui permettrait d’accélérer énormément les choses en plus d'uniformiser.",Si vous aviez trois choses à améliorer ce serait,"La maturité des outils devops qui tiennent plus de la mise à disposition d'outil que d'un service rendu.
L'absence d'une équipe garante d'une offre clé en main complète ( archi, observabilité, ...)
Le poste de développeur qui est pour l'instant encore assez peu performant.",Si vous deviez lister 3 points forts,"La mise en place d'outil permettant de voir les problématiques d'obsolescence non traitées ( MCO minimale) et le suivi a venir.
La mise en mouvement vers l'amélioration de plusieurs sujets ( observabilite, poste linux ).
Les avancés pour facilité la mise en place des pipelines.
",Depuis un an vous diriez :,Que votre expérience développeur est la même
Dans quel service développez-vous ?,Non renseigné,"Votre avis sur l'offre d'outils pour le développement IDE, gitlab, CI/CD, podman, sonar, compas, oscar, etc.",Non renseigné,Non renseigné,"Votre avis sur l'offre de service devops VM accès à l'offre de service et à sa documentation, facilité d'utilisation, qualité du support...",Non renseigné,Non renseigné,"Votre avis sur l'offre de service devops Kube accès à l'offre de service et à sa documentation, facilité d'utilisation, qualité du support...",Non renseigné,Non renseigné,"Votre avis sur l'outillage pour la sécurité les PES, analyzer, checkmarx, gitleaks,etc.",Non renseigné,Non renseigné,"Votre avis sur l'offre de service d'observabilité monitor Elastic, Graphana, Glowroot, etc.",Non renseigné,Non renseigné,"Votre avis sur l'animation du dev ? Séminaires du dev, devops ac, kata, dojo, retex, prestations Ippon, etc.",Non renseigné,Non renseigné,Formation & support,Non renseigné,Non renseigné,Votre avis global sur votre expérience de développeur à l'Insee,Non renseigné,Non renseigné,Si vous aviez trois choses à améliorer ce serait,Non renseigné,Si vous deviez lister 3 points forts,Non renseigné,Depuis un an vous diriez :,Non renseigné
Dans quel service développez-vous ?,SNDIP,"Votre avis sur l'offre d'outils pour le développement IDE, gitlab, CI/CD, podman, sonar, compas, oscar, etc.",4,"La dépréciation de la version de Sonar commence à être problématique (pas de prise en charge de Java 25 par exemple), et GitLab pourrait être encore plus au centre de la stratégie de développement (notamment avec une version payante qui pourrait remplacer Tuleap et bénéficier des intégrations directes de Kubernetes)","Votre avis sur l'offre de service devops VM accès à l'offre de service et à sa documentation, facilité d'utilisation, qualité du support...",2,"Sur l'offre VM, le fonctionnement par jobs Rundeck est parfois très obscur et pas toujours bien documenté, il n'y a pas de façon simple de pouvoir visualiser d'un coup d'oeil l'état de la configuration des VM d'une application.","Votre avis sur l'offre de service devops Kube accès à l'offre de service et à sa documentation, facilité d'utilisation, qualité du support...",4,"Le site documentaire de l'offre Kube est particulièrement riche et permet de se sortir de la plupart des situations, et l'équipe de support est très réactive. Une formation d'onboarding serait un plus pour embarquer les développeurs qui n'ont pas encore travaillé avec.","Votre avis sur l'outillage pour la sécurité les PES, analyzer, checkmarx, gitleaks,etc.",3,"Checkmarx est très lourd et peu intuitif - le fait de ne pas pouvoir récupérer les résultats d'analyse dans l'IDE rend son utilisation bien moins pratique que celle de Sonar par exemple. Analyzer est un meilleur outil, et les PES gagnerait à avoir un vrai site documentaire.","Votre avis sur l'offre de service d'observabilité monitor Elastic, Graphana, Glowroot, etc.",2,"A l'heure actuelle, il est particulièrement difficile de s'y retrouver dans l'offre d'observabilité et de comprendre quel outil consulter pour quel usage","Votre avis sur l'animation du dev ? Séminaires du dev, devops ac, kata, dojo, retex, prestations Ippon, etc.",3,"Les séminaires sont des temps forts importants pour la cohésion du réseau du développement, d'autres opportunités d'interactions inter-services seraient un plus",Formation & support,5,Le fait d'avoir une équipe dédiée à la formation et se s'appuyer sur la formation par les pairs est une immense richesse du service,Votre avis global sur votre expérience de développeur à l'Insee,3,"Dans l'ensemble beaucoup d'autonomie, mais parfois l'impression de devoir gérer énormément de choses sans avoir toujours les bons outils ou la bonne documentation pour mener à bien ses missions",Si vous aviez trois choses à améliorer ce serait,"Simplifier l'administration de l'offre VM / Donner à GitLab un rôle central, tant pour la gestion de projet que pour l'interaction avec les VM et Kube / Favoriser encore les échanges entre pairs",Si vous deviez lister 3 points forts,L'offre Kube et la disponibilité de l'équipe qui l'administre / La formation interne / L'autonomie laissée aux développeurs pour choisir leurs outils,Depuis un an vous diriez :,Que votre expérience développeur est la même
Dans quel service développez-vous ?,SNDIL,"Votre avis sur l'offre d'outils pour le développement IDE, gitlab, CI/CD, podman, sonar, compas, oscar, etc.",3,"L'IDE étant notre outil principal au quotidien, il est particulièrement irritant de ne pas disposer de license (par exemple Ultimate pour IntelliJ) surtout quand on voit que l'Insee n'hésite pas à prendre des licenses pour des outils non sollicités/désirés","Votre avis sur l'offre de service devops VM accès à l'offre de service et à sa documentation, facilité d'utilisation, qualité du support...",3,"L'offre est bien faite et à fortement progressé, cela étant la partie devops représente désormais une forte charge notamment pour les petites équipes. Pour autant les équipes ne ce sont pas agrandies.","Votre avis sur l'offre de service devops Kube accès à l'offre de service et à sa documentation, facilité d'utilisation, qualité du support...",3,Une technologie de plus à apprivoiser ce qui rogne encore sur le temps dédié au développement pur.,"Votre avis sur l'outillage pour la sécurité les PES, analyzer, checkmarx, gitleaks,etc.",Non renseigné,Non renseigné,"Votre avis sur l'offre de service d'observabilité monitor Elastic, Graphana, Glowroot, etc.",4,"Je suis encore en phase d'apprentissage sur cette offre qui à l'air prometteuse, il est donc difficile de me prononcer.","Votre avis sur l'animation du dev ? Séminaires du dev, devops ac, kata, dojo, retex, prestations Ippon, etc.",Non renseigné,Non renseigné,Formation & support,2,Personnellement je n'aime pas les canaux Tchap pour le support. Il est parfois difficile de savoir a qui poser une question. De même que ce n'ai pas toujours facile de poser une question dans un canal ou il y a 150 personnes quand le problème n'est pas très clair dans noter tête. Je trouverais ça nettement plus confortable d'avoir une personne experte et dédié au devops localement dans l'établissement.,Votre avis global sur votre expérience de développeur à l'Insee,2,"J'ai l'impression qu'on ajoute de plus en plus de mission au poste de développeur. Dans une petite équipe le développeur doit porter plusieurs casquette désormais : s'occuper du code comme avant, mais être responsable désormais du bon déploiement des applis (maitrise des CI, rundeck, gitops, arogoCD, argoworkflow...), avoir une expertise sécurité, avoir une expertise craft.... Je n'envisage pas de rester à l'informatique si cette trajectoire sur l'ajout des missions perdurent. J'aime le développement mais j'ai l'impression d'avoir de moins en moins de temps pour juste produire du code.",Si vous aviez trois choses à améliorer ce serait,"Moins de canaux Tchap par pitié, des licenses pour les IDEs et un poste dédié à l'appui/support devops dans les SNDIs",Si vous deviez lister 3 points forts,"La documentation kubeapp est top, une bonne réactivité des agents de manière général quand on demande de l'aide et une bonne ambiance entre les agents",Depuis un an vous diriez :,Que votre expérience développeur s'est dégradée
Dans quel service développez-vous ?,SNDIN,"Votre avis sur l'offre d'outils pour le développement IDE, gitlab, CI/CD, podman, sonar, compas, oscar, etc.",Non renseigné,Non renseigné,"Votre avis sur l'offre de service devops VM accès à l'offre de service et à sa documentation, facilité d'utilisation, qualité du support...",Non renseigné,Non renseigné,"Votre avis sur l'offre de service devops Kube accès à l'offre de service et à sa documentation, facilité d'utilisation, qualité du support...",Non renseigné,Non renseigné,"Votre avis sur l'outillage pour la sécurité les PES, analyzer, checkmarx, gitleaks,etc.",Non renseigné,Non renseigné,"Votre avis sur l'offre de service d'observabilité monitor Elastic, Graphana, Glowroot, etc.",Non renseigné,Non renseigné,"Votre avis sur l'animation du dev ? Séminaires du dev, devops ac, kata, dojo, retex, prestations Ippon, etc.",Non renseigné,Non renseigné,Formation & support,Non renseigné,Non renseigné,Votre avis global sur votre expérience de développeur à l'Insee,Non renseigné,Non renseigné,Si vous aviez trois choses à améliorer ce serait,Non renseigné,Si vous deviez lister 3 points forts,Non renseigné,Depuis un an vous diriez :,Non renseigné
Dans quel service développez-vous ?,SNDIN,"Votre avis sur l'offre d'outils pour le développement IDE, gitlab, CI/CD, podman, sonar, compas, oscar, etc.",4,Non renseigné,"Votre avis sur l'offre de service devops VM accès à l'offre de service et à sa documentation, facilité d'utilisation, qualité du support...",2,Non renseigné,"Votre avis sur l'offre de service devops Kube accès à l'offre de service et à sa documentation, facilité d'utilisation, qualité du support...",Non renseigné,Non renseigné,"Votre avis sur l'outillage pour la sécurité les PES, analyzer, checkmarx, gitleaks,etc.",Non renseigné,Non renseigné,"Votre avis sur l'offre de service d'observabilité monitor Elastic, Graphana, Glowroot, etc.",Non renseigné,Non renseigné,"Votre avis sur l'animation du dev ? Séminaires du dev, devops ac, kata, dojo, retex, prestations Ippon, etc.",Non renseigné,Non renseigné,Formation & support,Non renseigné,Non renseigné,Votre avis global sur votre expérience de développeur à l'Insee,Non renseigné,Non renseigné,Si vous aviez trois choses à améliorer ce serait,Non renseigné,Si vous deviez lister 3 points forts,Non renseigné,Depuis un an vous diriez :,Non renseigné
Dans quel service développez-vous ?,SNDIP,"Votre avis sur l'offre d'outils pour le développement IDE, gitlab, CI/CD, podman, sonar, compas, oscar, etc.",4,"pas totalement convaincu par le retour en arrière ou il faut passer par le centre logiciel.
sinon l'offre est bonne.","Votre avis sur l'offre de service devops VM accès à l'offre de service et à sa documentation, facilité d'utilisation, qualité du support...",4,Non renseigné,"Votre avis sur l'offre de service devops Kube accès à l'offre de service et à sa documentation, facilité d'utilisation, qualité du support...",4,Non renseigné,"Votre avis sur l'outillage pour la sécurité les PES, analyzer, checkmarx, gitleaks,etc.",4,Non renseigné,"Votre avis sur l'offre de service d'observabilité monitor Elastic, Graphana, Glowroot, etc.",3,Non renseigné,"Votre avis sur l'animation du dev ? Séminaires du dev, devops ac, kata, dojo, retex, prestations Ippon, etc.",4,Non renseigné,Formation & support,3,Non renseigné,Votre avis global sur votre expérience de développeur à l'Insee,4,Non renseigné,Si vous aviez trois choses à améliorer ce serait,"beaucoup de sujets techniques où on demande aux devs de monter en compétences (sécurité, devops...), pas toujours facile de dégager du temps pour traiter correctement tous ces sujets",Si vous deviez lister 3 points forts,"'- échanges dans le service sur les pratiques de dev et problèmes rencontrés
- conditions de travail / ambiance plutôt bonne
- pratiques de dev qui se sont biens améliorées ces dernières années",Depuis un an vous diriez :,Que votre expérience développeur s'est améliorée
Dans quel service développez-vous ?,SNDIL,"Votre avis sur l'offre d'outils pour le développement IDE, gitlab, CI/CD, podman, sonar, compas, oscar, etc.",4,Non renseigné,"Votre avis sur l'offre de service devops VM accès à l'offre de service et à sa documentation, facilité d'utilisation, qualité du support...",4,Non renseigné,"Votre avis sur l'offre de service devops Kube accès à l'offre de service et à sa documentation, facilité d'utilisation, qualité du support...",5,Non renseigné,"Votre avis sur l'outillage pour la sécurité les PES, analyzer, checkmarx, gitleaks,etc.",4,Non renseigné,"Votre avis sur l'offre de service d'observabilité monitor Elastic, Graphana, Glowroot, etc.",4,Non renseigné,"Votre avis sur l'animation du dev ? Séminaires du dev, devops ac, kata, dojo, retex, prestations Ippon, etc.",3,Non renseigné,Formation & support,4,Non renseigné,Votre avis global sur votre expérience de développeur à l'Insee,5,Non renseigné,Si vous aviez trois choses à améliorer ce serait,Non renseigné,Si vous deviez lister 3 points forts,Non renseigné,Depuis un an vous diriez :,Que votre expérience développeur est la même
Dans quel service développez-vous ?,SNDIP,"Votre avis sur l'offre d'outils pour le développement IDE, gitlab, CI/CD, podman, sonar, compas, oscar, etc.",5,Non renseigné,"Votre avis sur l'offre de service devops VM accès à l'offre de service et à sa documentation, facilité d'utilisation, qualité du support...",5,Il manque juste le SSO sur Rundeck,"Votre avis sur l'offre de service devops Kube accès à l'offre de service et à sa documentation, facilité d'utilisation, qualité du support...",5,Non renseigné,"Votre avis sur l'outillage pour la sécurité les PES, analyzer, checkmarx, gitleaks,etc.",5,Non renseigné,"Votre avis sur l'offre de service d'observabilité monitor Elastic, Graphana, Glowroot, etc.",Non renseigné,Non renseigné,"Votre avis sur l'animation du dev ? Séminaires du dev, devops ac, kata, dojo, retex, prestations Ippon, etc.",Non renseigné,Non renseigné,Formation & support,Non renseigné,Non renseigné,Votre avis global sur votre expérience de développeur à l'Insee,5,Non renseigné,Si vous aviez trois choses à améliorer ce serait,Non renseigné,Si vous deviez lister 3 points forts,"Postes de travail (Hardware et support)
Offres DevOps (Kube comme VM)
État de l'art technologique",Depuis un an vous diriez :,Que votre expérience développeur est la même
Dans quel service développez-vous ?,SNDIP,"Votre avis sur l'offre d'outils pour le développement IDE, gitlab, CI/CD, podman, sonar, compas, oscar, etc.",4,Gitlab ainsi que sonar premium serait un plus,"Votre avis sur l'offre de service devops VM accès à l'offre de service et à sa documentation, facilité d'utilisation, qualité du support...",4,"Bien : Offre centralisé assez généreuse 
Mal : Côté rundeck dev-ops, les jobs ne sont pas forcément mis a jour et n'ont pas tous de commentaire explicite sur le fonctionnement ou les variables attendues. Les erreurs sont globalement assez mal gérées et non explicite","Votre avis sur l'offre de service devops Kube accès à l'offre de service et à sa documentation, facilité d'utilisation, qualité du support...",5,"Très (trop) facile d'utilisation, il y'a juste un manque côté argoworkflow sur un chart générique, mais il me semble que c'est inclut dans la roadmap","Votre avis sur l'outillage pour la sécurité les PES, analyzer, checkmarx, gitleaks,etc.",3,"Analyser est un plus 
Checkmarx n'est pas utilisé car trop peu convivial et assez dur d'utilisation, sonar premium serait un plus

Pour les autres outils, ils osnt bien mais ne sont vérifiés que de façon aléatoire","Votre avis sur l'offre de service d'observabilité monitor Elastic, Graphana, Glowroot, etc.",Non renseigné,Non renseigné,"Votre avis sur l'animation du dev ? Séminaires du dev, devops ac, kata, dojo, retex, prestations Ippon, etc.",Non renseigné,Non renseigné,Formation & support,5,Non renseigné,Votre avis global sur votre expérience de développeur à l'Insee,4,Non renseigné,Si vous aviez trois choses à améliorer ce serait,"1) Sonar et gitlab premium 
2) Le jobs dev-ops 
",Si vous deviez lister 3 points forts,"'- Liste des outils dev-ops a disposition et autonomie des devs
- Échange avec la prod en cas d'incident ou de besoin via tchap ou gitlab 
- Animation/formation ",Depuis un an vous diriez :,Que votre expérience développeur est la même
Dans quel service développez-vous ?,SNDIO,"Votre avis sur l'offre d'outils pour le développement IDE, gitlab, CI/CD, podman, sonar, compas, oscar, etc.",3,Non renseigné,"Votre avis sur l'offre de service devops VM accès à l'offre de service et à sa documentation, facilité d'utilisation, qualité du support...",2,Non renseigné,"Votre avis sur l'offre de service devops Kube accès à l'offre de service et à sa documentation, facilité d'utilisation, qualité du support...",2,Non renseigné,"Votre avis sur l'outillage pour la sécurité les PES, analyzer, checkmarx, gitleaks,etc.",3,Non renseigné,"Votre avis sur l'offre de service d'observabilité monitor Elastic, Graphana, Glowroot, etc.",1,Non renseigné,"Votre avis sur l'animation du dev ? Séminaires du dev, devops ac, kata, dojo, retex, prestations Ippon, etc.",1,Pas le temps d'y participer,Formation & support,4,Non renseigné,Votre avis global sur votre expérience de développeur à l'Insee,2,Très stressant et beaucoup d’exigence de pleins de source différentes,Si vous aviez trois choses à améliorer ce serait,"L'accès et/ou la centralisation de l'information
De l'assistance aux développeurs quand des nouveaux outils / nouvelles procédures sont mis en place
Éviter les délais trop de courts de migrations imposées",Si vous deviez lister 3 points forts,"L'entraide des développeurs
Les compétences de l'équipe Kube",Depuis un an vous diriez :,Que votre expérience développeur est la même
Dans quel service développez-vous ?,SNDIL,"Votre avis sur l'offre d'outils pour le développement IDE, gitlab, CI/CD, podman, sonar, compas, oscar, etc.",4,Non renseigné,"Votre avis sur l'offre de service devops VM accès à l'offre de service et à sa documentation, facilité d'utilisation, qualité du support...",Non renseigné,Non renseigné,"Votre avis sur l'offre de service devops Kube accès à l'offre de service et à sa documentation, facilité d'utilisation, qualité du support...",Non renseigné,Non renseigné,"Votre avis sur l'outillage pour la sécurité les PES, analyzer, checkmarx, gitleaks,etc.",3,Non renseigné,"Votre avis sur l'offre de service d'observabilité monitor Elastic, Graphana, Glowroot, etc.",Non renseigné,Non renseigné,"Votre avis sur l'animation du dev ? Séminaires du dev, devops ac, kata, dojo, retex, prestations Ippon, etc.",4,Non renseigné,Formation & support,Non renseigné,Non renseigné,Votre avis global sur votre expérience de développeur à l'Insee,Non renseigné,Non renseigné,Si vous aviez trois choses à améliorer ce serait,Non renseigné,Si vous deviez lister 3 points forts,Non renseigné,Depuis un an vous diriez :,Non renseigné
Dans quel service développez-vous ?,PGCOC,"Votre avis sur l'offre d'outils pour le développement IDE, gitlab, CI/CD, podman, sonar, compas, oscar, etc.",Non renseigné,Non renseigné,"Votre avis sur l'offre de service devops VM accès à l'offre de service et à sa documentation, facilité d'utilisation, qualité du support...",Non renseigné,Non renseigné,"Votre avis sur l'offre de service devops Kube accès à l'offre de service et à sa documentation, facilité d'utilisation, qualité du support...",Non renseigné,Non renseigné,"Votre avis sur l'outillage pour la sécurité les PES, analyzer, checkmarx, gitleaks,etc.",Non renseigné,Non renseigné,"Votre avis sur l'offre de service d'observabilité monitor Elastic, Graphana, Glowroot, etc.",Non renseigné,Non renseigné,"Votre avis sur l'animation du dev ? Séminaires du dev, devops ac, kata, dojo, retex, prestations Ippon, etc.",Non renseigné,Non renseigné,Formation & support,Non renseigné,Non renseigné,Votre avis global sur votre expérience de développeur à l'Insee,Non renseigné,Non renseigné,Si vous aviez trois choses à améliorer ce serait,Non renseigné,Si vous deviez lister 3 points forts,Non renseigné,Depuis un an vous diriez :,Non renseigné
Dans quel service développez-vous ?,SNDIP,"Votre avis sur l'offre d'outils pour le développement IDE, gitlab, CI/CD, podman, sonar, compas, oscar, etc.",4,Non renseigné,"Votre avis sur l'offre de service devops VM accès à l'offre de service et à sa documentation, facilité d'utilisation, qualité du support...",4,Non renseigné,"Votre avis sur l'offre de service devops Kube accès à l'offre de service et à sa documentation, facilité d'utilisation, qualité du support...",4,Non renseigné,"Votre avis sur l'outillage pour la sécurité les PES, analyzer, checkmarx, gitleaks,etc.",4,Non renseigné,"Votre avis sur l'offre de service d'observabilité monitor Elastic, Graphana, Glowroot, etc.",3,Non renseigné,"Votre avis sur l'animation du dev ? Séminaires du dev, devops ac, kata, dojo, retex, prestations Ippon, etc.",Non renseigné,Non renseigné,Formation & support,3,Non renseigné,Votre avis global sur votre expérience de développeur à l'Insee,3,Non renseigné,Si vous aviez trois choses à améliorer ce serait,"Grafana, l'intégration de l'ia dans les IDE, la documentation concernant rundeck",Si vous deviez lister 3 points forts,Non renseigné,Depuis un an vous diriez :,Que votre expérience développeur s'est améliorée
Dans quel service développez-vous ?,SNDIL,"Votre avis sur l'offre d'outils pour le développement IDE, gitlab, CI/CD, podman, sonar, compas, oscar, etc.",3,Non renseigné,"Votre avis sur l'offre de service devops VM accès à l'offre de service et à sa documentation, facilité d'utilisation, qualité du support...",Non renseigné,Non renseigné,"Votre avis sur l'offre de service devops Kube accès à l'offre de service et à sa documentation, facilité d'utilisation, qualité du support...",Non renseigné,Non renseigné,"Votre avis sur l'outillage pour la sécurité les PES, analyzer, checkmarx, gitleaks,etc.",Non renseigné,Non renseigné,"Votre avis sur l'offre de service d'observabilité monitor Elastic, Graphana, Glowroot, etc.",Non renseigné,Non renseigné,"Votre avis sur l'animation du dev ? Séminaires du dev, devops ac, kata, dojo, retex, prestations Ippon, etc.",2,Non renseigné,Formation & support,2,Non renseigné,Votre avis global sur votre expérience de développeur à l'Insee,2,Non renseigné,Si vous aviez trois choses à améliorer ce serait,Non renseigné,Si vous deviez lister 3 points forts,Non renseigné,Depuis un an vous diriez :,Que votre expérience développeur est la même
Dans quel service développez-vous ?,SNDIN,"Votre avis sur l'offre d'outils pour le développement IDE, gitlab, CI/CD, podman, sonar, compas, oscar, etc.",3,Non renseigné,"Votre avis sur l'offre de service devops VM accès à l'offre de service et à sa documentation, facilité d'utilisation, qualité du support...",Non renseigné,Non renseigné,"Votre avis sur l'offre de service devops Kube accès à l'offre de service et à sa documentation, facilité d'utilisation, qualité du support...",4,Non renseigné,"Votre avis sur l'outillage pour la sécurité les PES, analyzer, checkmarx, gitleaks,etc.",2,Non renseigné,"Votre avis sur l'offre de service d'observabilité monitor Elastic, Graphana, Glowroot, etc.",2,Non renseigné,"Votre avis sur l'animation du dev ? Séminaires du dev, devops ac, kata, dojo, retex, prestations Ippon, etc.",1,Non renseigné,Formation & support,2,Non renseigné,Votre avis global sur votre expérience de développeur à l'Insee,3,Non renseigné,Si vous aviez trois choses à améliorer ce serait,"La poste de travail (et l'atelier de développement), l'observabilité sur kube (gestion des logs et dashboards graphana) et les décisions brutales et unilatérales sous prétexte de sécurité (touchant principalement le poste de travail)",Si vous deviez lister 3 points forts,l'efficacité de l'équipe kube,Depuis un an vous diriez :,Que votre expérience développeur s'est dégradée
Dans quel service développez-vous ?,SNDIP,"Votre avis sur l'offre d'outils pour le développement IDE, gitlab, CI/CD, podman, sonar, compas, oscar, etc.",3,Non renseigné,"Votre avis sur l'offre de service devops VM accès à l'offre de service et à sa documentation, facilité d'utilisation, qualité du support...",3,Non renseigné,"Votre avis sur l'offre de service devops Kube accès à l'offre de service et à sa documentation, facilité d'utilisation, qualité du support...",Non renseigné,Non renseigné,"Votre avis sur l'outillage pour la sécurité les PES, analyzer, checkmarx, gitleaks,etc.",2,Non renseigné,"Votre avis sur l'offre de service d'observabilité monitor Elastic, Graphana, Glowroot, etc.",Non renseigné,Non renseigné,"Votre avis sur l'animation du dev ? Séminaires du dev, devops ac, kata, dojo, retex, prestations Ippon, etc.",Non renseigné,Non renseigné,Formation & support,3,Non renseigné,Votre avis global sur votre expérience de développeur à l'Insee,3,Non renseigné,Si vous aviez trois choses à améliorer ce serait,"'- un point d'entrée unique pour toute la documentation disponible
- plus de moyens pour les outils de développement (comme Intellij Ultimate)
- une documentation plus simple et pratique",Si vous deviez lister 3 points forts,Non renseigné,Depuis un an vous diriez :,Que votre expérience développeur s'est dégradée
Dans quel service développez-vous ?,SNDIN,"Votre avis sur l'offre d'outils pour le développement IDE, gitlab, CI/CD, podman, sonar, compas, oscar, etc.",4,Non renseigné,"Votre avis sur l'offre de service devops VM accès à l'offre de service et à sa documentation, facilité d'utilisation, qualité du support...",3,Non renseigné,"Votre avis sur l'offre de service devops Kube accès à l'offre de service et à sa documentation, facilité d'utilisation, qualité du support...",5,Non renseigné,"Votre avis sur l'outillage pour la sécurité les PES, analyzer, checkmarx, gitleaks,etc.",3,"L'intention est louable mais la réalisation laisse à désirer (faux positifs, doublons...)","Votre avis sur l'offre de service d'observabilité monitor Elastic, Graphana, Glowroot, etc.",3,Non renseigné,"Votre avis sur l'animation du dev ? Séminaires du dev, devops ac, kata, dojo, retex, prestations Ippon, etc.",2,Non renseigné,Formation & support,3,Non renseigné,Votre avis global sur votre expérience de développeur à l'Insee,4,Non renseigné,Si vous aviez trois choses à améliorer ce serait,Non renseigné,Si vous deviez lister 3 points forts,Non renseigné,Depuis un an vous diriez :,Que votre expérience développeur s'est améliorée
Dans quel service développez-vous ?,SNDIP,"Votre avis sur l'offre d'outils pour le développement IDE, gitlab, CI/CD, podman, sonar, compas, oscar, etc.",Non renseigné,Non renseigné,"Votre avis sur l'offre de service devops VM accès à l'offre de service et à sa documentation, facilité d'utilisation, qualité du support...",Non renseigné,Non renseigné,"Votre avis sur l'offre de service devops Kube accès à l'offre de service et à sa documentation, facilité d'utilisation, qualité du support...",Non renseigné,Non renseigné,"Votre avis sur l'outillage pour la sécurité les PES, analyzer, checkmarx, gitleaks,etc.",Non renseigné,Non renseigné,"Votre avis sur l'offre de service d'observabilité monitor Elastic, Graphana, Glowroot, etc.",Non renseigné,Non renseigné,"Votre avis sur l'animation du dev ? Séminaires du dev, devops ac, kata, dojo, retex, prestations Ippon, etc.",Non renseigné,Non renseigné,Formation & support,Non renseigné,Non renseigné,Votre avis global sur votre expérience de développeur à l'Insee,Non renseigné,Non renseigné,Si vous aviez trois choses à améliorer ce serait,Non renseigné,Si vous deviez lister 3 points forts,Non renseigné,Depuis un an vous diriez :,Non renseigné
Dans quel service développez-vous ?,SNDIP,"Votre avis sur l'offre d'outils pour le développement IDE, gitlab, CI/CD, podman, sonar, compas, oscar, etc.",4,Non renseigné,"Votre avis sur l'offre de service devops VM accès à l'offre de service et à sa documentation, facilité d'utilisation, qualité du support...",4,"Très bien en terme de services et de facilité d'utilisation, mais il est parfois difficile de savoir sur Rundeck si tel job est toujours utilisable, quelle version utiliser, où le trouver, et si un tel job existe","Votre avis sur l'offre de service devops Kube accès à l'offre de service et à sa documentation, facilité d'utilisation, qualité du support...",5,"Une fois le coût d'entrée passé, ça me semble plus simple à utiliser que l'offre de service VM, et l'offre de service est déjà très étoffée","Votre avis sur l'outillage pour la sécurité les PES, analyzer, checkmarx, gitleaks,etc.",3,"Il y a beaucoup (trop ?) d'outils différents. Pour Checkmarx, Gitleaks et les CVE du pipeline de promotion Kube, c'est plutôt fastidieux et il y a souvent des faux positifs. Cela dit, on est bien mieux outillé qu'avant","Votre avis sur l'offre de service d'observabilité monitor Elastic, Graphana, Glowroot, etc.",2,"Actuellement, l'offre de service sur l'observabilité n'est pas très claire pour moi","Votre avis sur l'animation du dev ? Séminaires du dev, devops ac, kata, dojo, retex, prestations Ippon, etc.",4,Non renseigné,Formation & support,5,Les formateurs et formatrices internes donnent souvent d'excellentes formations,Votre avis global sur votre expérience de développeur à l'Insee,5,"En tant que développeur, je trouve la DSI globalement mature et innovante aussi bien sur les orientations techniques que sur les orientations organisationnelles",Si vous aviez trois choses à améliorer ce serait,Pouvoir accéder à une information un peu plus synthétique à propos des actualités des équipes services,Si vous deviez lister 3 points forts,"L'organisation agile, 
la volonté de s'approcher de l'état de l'art et de se remettre en question, 
l'attention particulière portée sur le fait d'avoir des moyens en adéquation avec la charge de travail demandée",Depuis un an vous diriez :,Que votre expérience développeur s'est améliorée
Dans quel service développez-vous ?,SNDIP,"Votre avis sur l'offre d'outils pour le développement IDE, gitlab, CI/CD, podman, sonar, compas, oscar, etc.",5,Non renseigné,"Votre avis sur l'offre de service devops VM accès à l'offre de service et à sa documentation, facilité d'utilisation, qualité du support...",5,Non renseigné,"Votre avis sur l'offre de service devops Kube accès à l'offre de service et à sa documentation, facilité d'utilisation, qualité du support...",5,Non renseigné,"Votre avis sur l'outillage pour la sécurité les PES, analyzer, checkmarx, gitleaks,etc.",5,Non renseigné,"Votre avis sur l'offre de service d'observabilité monitor Elastic, Graphana, Glowroot, etc.",5,Non renseigné,"Votre avis sur l'animation du dev ? Séminaires du dev, devops ac, kata, dojo, retex, prestations Ippon, etc.",5,Non renseigné,Formation & support,5,Non renseigné,Votre avis global sur votre expérience de développeur à l'Insee,5,Non renseigné,Si vous aviez trois choses à améliorer ce serait,toto,Si vous deviez lister 3 points forts,toto,Depuis un an vous diriez :,Non renseigné
Dans quel service développez-vous ?,SNDIO,"Votre avis sur l'offre d'outils pour le développement IDE, gitlab, CI/CD, podman, sonar, compas, oscar, etc.",Non renseigné,Non renseigné,"Votre avis sur l'offre de service devops VM accès à l'offre de service et à sa documentation, facilité d'utilisation, qualité du support...",Non renseigné,Non renseigné,"Votre avis sur l'offre de service devops Kube accès à l'offre de service et à sa documentation, facilité d'utilisation, qualité du support...",Non renseigné,Non renseigné,"Votre avis sur l'outillage pour la sécurité les PES, analyzer, checkmarx, gitleaks,etc.",Non renseigné,Non renseigné,"Votre avis sur l'offre de service d'observabilité monitor Elastic, Graphana, Glowroot, etc.",Non renseigné,Non renseigné,"Votre avis sur l'animation du dev ? Séminaires du dev, devops ac, kata, dojo, retex, prestations Ippon, etc.",Non renseigné,Non renseigné,Formation & support,Non renseigné,Non renseigné,Votre avis global sur votre expérience de développeur à l'Insee,Non renseigné,Non renseigné,Si vous aviez trois choses à améliorer ce serait,Non renseigné,Si vous deviez lister 3 points forts,Non renseigné,Depuis un an vous diriez :,Non renseigné
Dans quel service développez-vous ?,SNDIL,"Votre avis sur l'offre d'outils pour le développement IDE, gitlab, CI/CD, podman, sonar, compas, oscar, etc.",3,Non renseigné,"Votre avis sur l'offre de service devops VM accès à l'offre de service et à sa documentation, facilité d'utilisation, qualité du support...",3,Non renseigné,"Votre avis sur l'offre de service devops Kube accès à l'offre de service et à sa documentation, facilité d'utilisation, qualité du support...",3,Non renseigné,"Votre avis sur l'outillage pour la sécurité les PES, analyzer, checkmarx, gitleaks,etc.",3,Non renseigné,"Votre avis sur l'offre de service d'observabilité monitor Elastic, Graphana, Glowroot, etc.",3,Non renseigné,"Votre avis sur l'animation du dev ? Séminaires du dev, devops ac, kata, dojo, retex, prestations Ippon, etc.",Non renseigné,Non renseigné,Formation & support,3,Non renseigné,Votre avis global sur votre expérience de développeur à l'Insee,Non renseigné,Non renseigné,Si vous aviez trois choses à améliorer ce serait,Non renseigné,Si vous deviez lister 3 points forts,La cohésion d'équipe ,Depuis un an vous diriez :,Que votre expérience développeur s'est améliorée
Dans quel service développez-vous ?,SNDIO,"Votre avis sur l'offre d'outils pour le développement IDE, gitlab, CI/CD, podman, sonar, compas, oscar, etc.",5,Non renseigné,"Votre avis sur l'offre de service devops VM accès à l'offre de service et à sa documentation, facilité d'utilisation, qualité du support...",4,Non renseigné,"Votre avis sur l'offre de service devops Kube accès à l'offre de service et à sa documentation, facilité d'utilisation, qualité du support...",4,Non renseigné,"Votre avis sur l'outillage pour la sécurité les PES, analyzer, checkmarx, gitleaks,etc.",5,Non renseigné,"Votre avis sur l'offre de service d'observabilité monitor Elastic, Graphana, Glowroot, etc.",3,Non renseigné,"Votre avis sur l'animation du dev ? Séminaires du dev, devops ac, kata, dojo, retex, prestations Ippon, etc.",3,Non renseigné,Formation & support,2,Non renseigné,Votre avis global sur votre expérience de développeur à l'Insee,3,Non renseigné,Si vous aviez trois choses à améliorer ce serait,"Les modes opératoires sont incomplets et peu clairs. Nous devrions aussi développer sous linux depuis très longtemps. L'empilement de couches de sécurité devient pénible et semble peu maitrisée; par exemple dans analyser trivy pendant un temps remontait les cve présentes dans le scope test, des cve par conséquent absentes du livrable ! Des ajouts de micro-segmentation tous les deux jours annoncés sur des canaux tchap la veille au soir avec pour effet une rupture de service dès le lendemain matin. On passe plus de temps à bricoler des properties qu'à développer réellement. Enfin l'absence de note officielle rend peu claire les directives, on a juste un relai dans les canaux tchap mais on ne sait pas de qui ça émane et si l'injonction à un caractère impératif",Si vous deviez lister 3 points forts,"la mise en place des services par rundeck est très rapide
il y a toujours des gens éclairés pour aider
le matériel de développement fournit est assez performant ",Depuis un an vous diriez :,Que votre expérience développeur est la même
Dans quel service développez-vous ?,SNDIP,"Votre avis sur l'offre d'outils pour le développement IDE, gitlab, CI/CD, podman, sonar, compas, oscar, etc.",4,Non renseigné,"Votre avis sur l'offre de service devops VM accès à l'offre de service et à sa documentation, facilité d'utilisation, qualité du support...",4,Non renseigné,"Votre avis sur l'offre de service devops Kube accès à l'offre de service et à sa documentation, facilité d'utilisation, qualité du support...",Non renseigné,Non renseigné,"Votre avis sur l'outillage pour la sécurité les PES, analyzer, checkmarx, gitleaks,etc.",4,Non renseigné,"Votre avis sur l'offre de service d'observabilité monitor Elastic, Graphana, Glowroot, etc.",3,Non renseigné,"Votre avis sur l'animation du dev ? Séminaires du dev, devops ac, kata, dojo, retex, prestations Ippon, etc.",Non renseigné,Non renseigné,Formation & support,Non renseigné,Non renseigné,Votre avis global sur votre expérience de développeur à l'Insee,2,Grosse inflation d'outils à connaître malgré des effectifs peu importants.,Si vous aviez trois choses à améliorer ce serait,"RECRUTER
Stabiliser moins d'outils
Limiter les prestas externes",Si vous deviez lister 3 points forts,"Solidarité - entraide
Grosse implication des agent·es",Depuis un an vous diriez :,Que votre expérience développeur est la même
Dans quel service développez-vous ?,SNDIO,"Votre avis sur l'offre d'outils pour le développement IDE, gitlab, CI/CD, podman, sonar, compas, oscar, etc.",4,Compas et Oscar ne constituent pas des outils pour le développement pour moi.,"Votre avis sur l'offre de service devops VM accès à l'offre de service et à sa documentation, facilité d'utilisation, qualité du support...",3,"L'offre de service et le support sont plutôt bons, mais nécessitent d'acquérir beaucoup de connaissances Ops pour un paramétrage fin. En sachant que ces connaissances ne seront pas mobilisées régulièrement pour un même dev ou une même équipe, il y a donc un coup d'entrée important, et une difficulté à maintenir ces connaissances.","Votre avis sur l'offre de service devops Kube accès à l'offre de service et à sa documentation, facilité d'utilisation, qualité du support...",Non renseigné,Non renseigné,"Votre avis sur l'outillage pour la sécurité les PES, analyzer, checkmarx, gitleaks,etc.",4,"L'intégration facilitée de gitleaks et trivy aux pipelines est un bon point. Je suis mitigé pour checkmarx qui n'est pas très facile à utiliser, et pas toujours très pertinent.","Votre avis sur l'offre de service d'observabilité monitor Elastic, Graphana, Glowroot, etc.",Non renseigné,Non renseigné,"Votre avis sur l'animation du dev ? Séminaires du dev, devops ac, kata, dojo, retex, prestations Ippon, etc.",3,Non renseigné,Formation & support,Non renseigné,Non renseigné,Votre avis global sur votre expérience de développeur à l'Insee,4,Non renseigné,Si vous aviez trois choses à améliorer ce serait,Non renseigné,Si vous deviez lister 3 points forts,Non renseigné,Depuis un an vous diriez :,Non renseigné
Dans quel service développez-vous ?,SNDIO,"Votre avis sur l'offre d'outils pour le développement IDE, gitlab, CI/CD, podman, sonar, compas, oscar, etc.",4,Non renseigné,"Votre avis sur l'offre de service devops VM accès à l'offre de service et à sa documentation, facilité d'utilisation, qualité du support...",3,"Donumentation très éparpillée et organisée différemment selon les équipes, quand on recherche quelque chose difficile de le trouver","Votre avis sur l'offre de service devops Kube accès à l'offre de service et à sa documentation, facilité d'utilisation, qualité du support...",4,Non renseigné,"Votre avis sur l'outillage pour la sécurité les PES, analyzer, checkmarx, gitleaks,etc.",3,"peu de redescente, ce sont les chefs qui sont informés des problèmes avant les équipes, ce qui est dommage","Votre avis sur l'offre de service d'observabilité monitor Elastic, Graphana, Glowroot, etc.",3,Non renseigné,"Votre avis sur l'animation du dev ? Séminaires du dev, devops ac, kata, dojo, retex, prestations Ippon, etc.",4,Non renseigné,Formation & support,4,"les offres de formation devraient être ouvertes aux autres SNDI (parfois il y a des formations intéressantes à Paris, qu'on n'a pas en local, mais dont on n'est pas au courant)",Votre avis global sur votre expérience de développeur à l'Insee,4,Non renseigné,Si vous aviez trois choses à améliorer ce serait,"une documentation centralisée
une meilleure reconnaissance des tâches autres que le développement (ce n'est pas parce qu'il y a un job qui le fait que tout se passe bien et surtout rapidement) 
proposer des autoformations en ligne sur certains sujets (ou permettre d'avoir des comptes sur des plateformes type Udemy)",Si vous deviez lister 3 points forts,"équipes souvent réactives sur Tchap
nombreux outils mis à dispo

",Depuis un an vous diriez :,Que votre expérience développeur est la même
Dans quel service développez-vous ?,SNDIP,"Votre avis sur l'offre d'outils pour le développement IDE, gitlab, CI/CD, podman, sonar, compas, oscar, etc.",4,"Les outils sont très bien dans l'ensemble: IDE : l'Insee devrait avoir le budget pour que tous les devs puissent avoir IntelliJ Ultimate, Gitlab: très bien , super outil, je le trouve indispensable, Podman: je connais pas, Sonar: c'est très bien mais il faut pas que ça devienne un jour bloquant, Sonar le plus c'est lorsqu'il analyse les merge requests là on a une vraie plus value pour nous les devs.
Compas: en tant que dev j'y vais très peu mais j'imagine que pour la hiérarchie c'est très bien, Oscar: j'y vais encore moins que sur Compas, CI/CD: ça serait bien éventuellement qu'on ait un support pour les CI/CD car sur des applications en maintenance on les modifie peu et donc on oublie comment ils marchent mais on arrive à peu près s'en sortir, au quotidien les ci/cd sont indispensables et super utiles, autre: agentsecret: personnellement je trouve qu'agent-secret c'est plutôt une mauvaise idée même si je comprends l'intérêt, car on installe agent-secret.jar puis on n'y touche plus c'est contraire à l'esprit de la sécurité, on se retrouve avec du code obsolète dans toutes nos applications en local.","Votre avis sur l'offre de service devops VM accès à l'offre de service et à sa documentation, facilité d'utilisation, qualité du support...",4,"Alors concernant les VMs la documentation est bien, l'offre est très bien, la qualité du support aussi et heureusement que le support est là car je trouve que parfois on nous mets à disposition des batchs dans COMMUN ou dans le rundeck dc1 dont il est difficile pour un non ops de comprendre toutes les options de façon claire.","Votre avis sur l'offre de service devops Kube accès à l'offre de service et à sa documentation, facilité d'utilisation, qualité du support...",Non renseigné,Non renseigné,"Votre avis sur l'outillage pour la sécurité les PES, analyzer, checkmarx, gitleaks,etc.",5,"Personnellement j'ai la chance d'avoir IntelliJ Ultimate et donc j'ai quasiment un checkmarks, analyzer intégré dans l'IDE pour les dev Java donc en fait je m'intéresse peu à ce que donnent ces outils, mais ils sont intéressants néanmoins et utiles parfois. Sur les PES je trouve qu'elles sont très bien. On essaie au maximum de suivre les montées de version au fil de l'eau comme préconisé mais alors du coup on est presque parfois il me semble en avance sur l'infra Insee: exemple: passage à Java 25: on a eu des messages dans les logs disant que Glowroot n'était pas compatible avec Java 25 (on a enlevé Glowroot qui ne nous sert pas et gardé Java 25) , Node JS: on est passé à node 24 (dernière version LTS) et cette fois-ci c'est renovate qui a du mal à nous fabriquer le bon package-lock.json (on arrive à vivre avec et on a signalé le problème à IDDA).","Votre avis sur l'offre de service d'observabilité monitor Elastic, Graphana, Glowroot, etc.",2,Glowroot: depuis qu'on est passé à Java 25 on avait trop de logs Glowroot qui saturaient notre log en production donc on l'a enlevé mais comme on ne s'en servait pas on ne le regrette pas. Pour les autres outils: aucun avis vu qu'on en s'en sert pas.,"Votre avis sur l'animation du dev ? Séminaires du dev, devops ac, kata, dojo, retex, prestations Ippon, etc.",4,Non renseigné,Formation & support,4,Il manque peut-être un groupe support clairement identifié au sndip comme ça existe dans d'autres services de développement mais on se débrouille quand même sans ça.,Votre avis global sur votre expérience de développeur à l'Insee,4,"Quand on est affecté sur une application à jour, moderne, bien documentée, qui suit les montées de version au fil de l'eau, c'est très bien. Mais quand on est sur une application obsolète, qui n'a pas été mise à jour depuis 10 ans, sans documentation, alors le travail parfois n'est plus vraiment un travail de développeur c'est un mélange entre archéologue et programmeur, on peut éventuellement faire des prières pour que l'application ne se crashe pas tant qu'on en est le maintenicien officiel.",Si vous aviez trois choses à améliorer ce serait,"1. Prévoir des refontes, autant que possible, sur toutes les applications Java qui ne sont pas en Spring Boot.
",Si vous deviez lister 3 points forts,Le fait de mettre plusieurs développeurs sur une même application quitte à avoir parfois peut-être plusieurs applications par développeur.,Depuis un an vous diriez :,Que votre expérience développeur est la même
Dans quel service développez-vous ?,SNDIP,"Votre avis sur l'offre d'outils pour le développement IDE, gitlab, CI/CD, podman, sonar, compas, oscar, etc.",3,"sonar fait perdre du temps, et ca n'apporte rien","Votre avis sur l'offre de service devops VM accès à l'offre de service et à sa documentation, facilité d'utilisation, qualité du support...",3,pas de doc pratique quand on doit utiliser un outil qu'on n'a pas l'habitude d'utiliser,"Votre avis sur l'offre de service devops Kube accès à l'offre de service et à sa documentation, facilité d'utilisation, qualité du support...",3,Non renseigné,"Votre avis sur l'outillage pour la sécurité les PES, analyzer, checkmarx, gitleaks,etc.",1,Non renseigné,"Votre avis sur l'offre de service d'observabilité monitor Elastic, Graphana, Glowroot, etc.",2,Non renseigné,"Votre avis sur l'animation du dev ? Séminaires du dev, devops ac, kata, dojo, retex, prestations Ippon, etc.",Non renseigné,Non renseigné,Formation & support,Non renseigné,Non renseigné,Votre avis global sur votre expérience de développeur à l'Insee,4,Non renseigné,Si vous aviez trois choses à améliorer ce serait,Non renseigné,Si vous deviez lister 3 points forts,Non renseigné,Depuis un an vous diriez :,Que votre expérience développeur est la même
Dans quel service développez-vous ?,SNDIP,"Votre avis sur l'offre d'outils pour le développement IDE, gitlab, CI/CD, podman, sonar, compas, oscar, etc.",4,Non renseigné,"Votre avis sur l'offre de service devops VM accès à l'offre de service et à sa documentation, facilité d'utilisation, qualité du support...",3,Non renseigné,"Votre avis sur l'offre de service devops Kube accès à l'offre de service et à sa documentation, facilité d'utilisation, qualité du support...",4,Non renseigné,"Votre avis sur l'outillage pour la sécurité les PES, analyzer, checkmarx, gitleaks,etc.",3,Non renseigné,"Votre avis sur l'offre de service d'observabilité monitor Elastic, Graphana, Glowroot, etc.",3,Non renseigné,"Votre avis sur l'animation du dev ? Séminaires du dev, devops ac, kata, dojo, retex, prestations Ippon, etc.",4,On gagnerai à en faire encore plus,Formation & support,3,"Les formations sont M2i sont pas intéressantes d'un point de vue pratique car elles se concentre beaucoup sur la technique sans montrer les usages, les enjeux et les grands principes.",Votre avis global sur votre expérience de développeur à l'Insee,3,Non renseigné,Si vous aviez trois choses à améliorer ce serait,"1) L'alignement entre les enjeux métier et fonctionnel et les développements. Les bases de codes devraient mieux refléter les problèmes qu'ils résolvent. Sur certains legacy, il y a une dette technique mais surtout une dette fonctionnelle
2) La qualité du code et les enjeux d'architecture. Aujourd'hui, un code qui fonctionne n'est pas suffisant, il doit être maintenable donc facile à modifier et comprendre. Le domaine devrait aussi mieux être séparé des parties techniques.
3) L'introduction de l'IA dans le workflow de travail des développeurs",Si vous deviez lister 3 points forts,"1) L'excellence technique des dev
2) L'ouverture des dev en général
3) L'entre aide entre dev",Depuis un an vous diriez :,Que votre expérience développeur est la même
Dans quel service développez-vous ?,SNDIN,"Votre avis sur l'offre d'outils pour le développement IDE, gitlab, CI/CD, podman, sonar, compas, oscar, etc.",2,Non renseigné,"Votre avis sur l'offre de service devops VM accès à l'offre de service et à sa documentation, facilité d'utilisation, qualité du support...",1,Non renseigné,"Votre avis sur l'offre de service devops Kube accès à l'offre de service et à sa documentation, facilité d'utilisation, qualité du support...",2,Non renseigné,"Votre avis sur l'outillage pour la sécurité les PES, analyzer, checkmarx, gitleaks,etc.",3,Non renseigné,"Votre avis sur l'offre de service d'observabilité monitor Elastic, Graphana, Glowroot, etc.",3,Non renseigné,"Votre avis sur l'animation du dev ? Séminaires du dev, devops ac, kata, dojo, retex, prestations Ippon, etc.",2,Non renseigné,Formation & support,2,Non renseigné,Votre avis global sur votre expérience de développeur à l'Insee,2,Non renseigné,Si vous aviez trois choses à améliorer ce serait,Non renseigné,Si vous deviez lister 3 points forts,Non renseigné,Depuis un an vous diriez :,Que votre expérience développeur s'est améliorée
Dans quel service développez-vous ?,SNDIP,"Votre avis sur l'offre d'outils pour le développement IDE, gitlab, CI/CD, podman, sonar, compas, oscar, etc.",4,"Question intéressante, il aurait peut être fallu distinguer outils et services.
Outils : ensemble des outils mis à disposition pour le dev (IDE, GIT, JDK...) sur ce point, l'offre centralisée à travers siamoi me parait assez fournie. Il est très appréciable de trouver les principaux IDE comme éclipse, intelliJ, vscode....par contre l'offre Tomcat aurait dû se trouver dans  la section développement à mon sens non pas dans Outils Techniques (appellation trop vague).

Le principal irritant est la configuration de ces outils, le développeur ne sait pas forcement où trouver la documentation et quand la documentation est trouvée, elle n'est pas forcément à jour. 

Sur un nouveau poste par exemple : Configurer Maven, IntelliJ ou Eclipse, installer les certificats pour le JDK (en faisant attention parfois à certaines installation d'eclipses qui ont leur propre hotspot embarqué) , configurer le proxy etc... ça peut relever du parcours du combattant surtout pour les applications légacy qui semble t-il constitue environ 40% du parc applicatifs Insee.

Je pense que dans chaque domaine devrait avoir une sorte de KPi sur la facilité d'installation et de configuration d'une application par exemple. 
Il y a une application dont je tairai le nom, sinon mon anonymat serait rompu :) , l'installation relève de la tradition orale sinon il était impossible de la prendre en main. La documentation sur l'installation et configuration sont souvent obsolète et vraiment je pense qu'il y a un sujet à faire dessus. Avec le fonctionnement agile, j'ai aussi l'impression que les docs sont un peu passés aux oubliettes au profits d'interactions humaines de tradition plus ""oral"" et comme on dit, les paroles s'envolent et les écrits restent.

Services : ensemble des applications servant à des activités connexes de dev/devops (compas, oscar, analyzer...etc)
Analyzer est un bon outil pour suivre les CVE à l'échelle d'une application, c'est très appréciable pour faire de la veille de sécurité sur les librairies qu'on utilise.","Votre avis sur l'offre de service devops VM accès à l'offre de service et à sa documentation, facilité d'utilisation, qualité du support...",3,Je sais que l'offre existe quelque part mais je ne sais où exactement ce qui revient à dire que je ne sais pas comment exploiter cet outil pour installer une VM,"Votre avis sur l'offre de service devops Kube accès à l'offre de service et à sa documentation, facilité d'utilisation, qualité du support...",Non renseigné,Non renseigné,"Votre avis sur l'outillage pour la sécurité les PES, analyzer, checkmarx, gitleaks,etc.",4,Non renseigné,"Votre avis sur l'offre de service d'observabilité monitor Elastic, Graphana, Glowroot, etc.",Non renseigné,Non renseigné,"Votre avis sur l'animation du dev ? Séminaires du dev, devops ac, kata, dojo, retex, prestations Ippon, etc.",Non renseigné,Non renseigné,Formation & support,4,Non renseigné,Votre avis global sur votre expérience de développeur à l'Insee,4,Non renseigné,Si vous aviez trois choses à améliorer ce serait,"Juste une : 
1 - une amélioration continue de la documentation sur l'installation et la configuration des applications et des outils.

",Si vous deviez lister 3 points forts,Non renseigné,Depuis un an vous diriez :,Que votre expérience développeur s'est dégradée
Dans quel service développez-vous ?,SNDIP,"Votre avis sur l'offre d'outils pour le développement IDE, gitlab, CI/CD, podman, sonar, compas, oscar, etc.",4,Non renseigné,"Votre avis sur l'offre de service devops VM accès à l'offre de service et à sa documentation, facilité d'utilisation, qualité du support...",4,"On peut toujours faire mieux, mais c'est déjà bien. Poursuivre les documentation des jobs et outils pour que les devs puissent s'y retrouver","Votre avis sur l'offre de service devops Kube accès à l'offre de service et à sa documentation, facilité d'utilisation, qualité du support...",3,Non renseigné,"Votre avis sur l'outillage pour la sécurité les PES, analyzer, checkmarx, gitleaks,etc.",3,Non renseigné,"Votre avis sur l'offre de service d'observabilité monitor Elastic, Graphana, Glowroot, etc.",2,Non renseigné,"Votre avis sur l'animation du dev ? Séminaires du dev, devops ac, kata, dojo, retex, prestations Ippon, etc.",3,Non renseigné,Formation & support,4,Non renseigné,Votre avis global sur votre expérience de développeur à l'Insee,4,Non renseigné,Si vous aviez trois choses à améliorer ce serait,Non renseigné,Si vous deviez lister 3 points forts,Non renseigné,Depuis un an vous diriez :,Que votre expérience développeur s'est améliorée
Dans quel service développez-vous ?,SNDIL,"Votre avis sur l'offre d'outils pour le développement IDE, gitlab, CI/CD, podman, sonar, compas, oscar, etc.",4,Non renseigné,"Votre avis sur l'offre de service devops VM accès à l'offre de service et à sa documentation, facilité d'utilisation, qualité du support...",4,Non renseigné,"Votre avis sur l'offre de service devops Kube accès à l'offre de service et à sa documentation, facilité d'utilisation, qualité du support...",4,Non renseigné,"Votre avis sur l'outillage pour la sécurité les PES, analyzer, checkmarx, gitleaks,etc.",3,Non renseigné,"Votre avis sur l'offre de service d'observabilité monitor Elastic, Graphana, Glowroot, etc.",3,Non renseigné,"Votre avis sur l'animation du dev ? Séminaires du dev, devops ac, kata, dojo, retex, prestations Ippon, etc.",3,Non renseigné,Formation & support,3,Non renseigné,Votre avis global sur votre expérience de développeur à l'Insee,4,Non renseigné,Si vous aviez trois choses à améliorer ce serait,Non renseigné,Si vous deviez lister 3 points forts,Non renseigné,Depuis un an vous diriez :,Que votre expérience développeur s'est améliorée
Dans quel service développez-vous ?,SNDIN,"Votre avis sur l'offre d'outils pour le développement IDE, gitlab, CI/CD, podman, sonar, compas, oscar, etc.",Non renseigné,Non renseigné,"Votre avis sur l'offre de service devops VM accès à l'offre de service et à sa documentation, facilité d'utilisation, qualité du support...",Non renseigné,Non renseigné,"Votre avis sur l'offre de service devops Kube accès à l'offre de service et à sa documentation, facilité d'utilisation, qualité du support...",Non renseigné,Non renseigné,"Votre avis sur l'outillage pour la sécurité les PES, analyzer, checkmarx, gitleaks,etc.",Non renseigné,Non renseigné,"Votre avis sur l'offre de service d'observabilité monitor Elastic, Graphana, Glowroot, etc.",Non renseigné,Non renseigné,"Votre avis sur l'animation du dev ? Séminaires du dev, devops ac, kata, dojo, retex, prestations Ippon, etc.",Non renseigné,Non renseigné,Formation & support,Non renseigné,Non renseigné,Votre avis global sur votre expérience de développeur à l'Insee,Non renseigné,Non renseigné,Si vous aviez trois choses à améliorer ce serait,Non renseigné,Si vous deviez lister 3 points forts,Non renseigné,Depuis un an vous diriez :,Non renseigné
Dans quel service développez-vous ?,SNDIN,"Votre avis sur l'offre d'outils pour le développement IDE, gitlab, CI/CD, podman, sonar, compas, oscar, etc.",Non renseigné,Non renseigné,"Votre avis sur l'offre de service devops VM accès à l'offre de service et à sa documentation, facilité d'utilisation, qualité du support...",Non renseigné,Non renseigné,"Votre avis sur l'offre de service devops Kube accès à l'offre de service et à sa documentation, facilité d'utilisation, qualité du support...",Non renseigné,Non renseigné,"Votre avis sur l'outillage pour la sécurité les PES, analyzer, checkmarx, gitleaks,etc.",Non renseigné,Non renseigné,"Votre avis sur l'offre de service d'observabilité monitor Elastic, Graphana, Glowroot, etc.",Non renseigné,Non renseigné,"Votre avis sur l'animation du dev ? Séminaires du dev, devops ac, kata, dojo, retex, prestations Ippon, etc.",Non renseigné,Non renseigné,Formation & support,Non renseigné,Non renseigné,Votre avis global sur votre expérience de développeur à l'Insee,Non renseigné,Non renseigné,Si vous aviez trois choses à améliorer ce serait,Non renseigné,Si vous deviez lister 3 points forts,Non renseigné,Depuis un an vous diriez :,Non renseigné
Dans quel service développez-vous ?,SNDIO,"Votre avis sur l'offre d'outils pour le développement IDE, gitlab, CI/CD, podman, sonar, compas, oscar, etc.",4,Non renseigné,"Votre avis sur l'offre de service devops VM accès à l'offre de service et à sa documentation, facilité d'utilisation, qualité du support...",3,"Beaucoup d'outils sont disponibles, mais on a du mal à s'y retrouver, que ce soit dans la variété des outils proposés ou dans la documentation. Il est parfois difficile d'identifier l'outil répondant à notre besoin. Toutes les documentations ne sont pas organisées selon le même modèle, on a du mal à rechercher l'information. Il arrive de tomber sur une documentation déjà obsolète, sans que cela soit mentionné.","Votre avis sur l'offre de service devops Kube accès à l'offre de service et à sa documentation, facilité d'utilisation, qualité du support...",Non renseigné,Non renseigné,"Votre avis sur l'outillage pour la sécurité les PES, analyzer, checkmarx, gitleaks,etc.",3,"Beaucoup d'outils sont proposés, mais il n'y a pas une bonne stabilité dans le temps. Des outils deviennent obsolètes et sont remplacés par d'autres, ce qui rend l'investissement coûteux. Pas mal de configuration parfois nécessaire pour obtenir un résultat signifiant. Pour certains outils, la configuration / paramétrage par défaut manque de stabilité, ce qui pose des problèmes du suivi de l'évolution.","Votre avis sur l'offre de service d'observabilité monitor Elastic, Graphana, Glowroot, etc.",4,Non renseigné,"Votre avis sur l'animation du dev ? Séminaires du dev, devops ac, kata, dojo, retex, prestations Ippon, etc.",4,Non renseigné,Formation & support,3,"Les formations proposées sont variées, mais le calendrier n'est pas toujours compatible avec les besoins et disponibilités. Il me semblent que les formations internes sont moins nombreuses qu'auparavant, or celles-ci étaient souvent plus proches de nos besoins. Les formations en distanciel sont généralement moins performantes, car elles altèrent la qualité des échanges avec le formateur et entre participants.",Votre avis global sur votre expérience de développeur à l'Insee,3,"Je perçois une dégradation par rapport quelques années en arrière. Multiplication des tâches, difficulté de se concentrer sur un problème lorsque celui-ci demande une certaine ""immersion"".",Si vous aviez trois choses à améliorer ce serait,La communication : trop de canaux à suivre.,Si vous deviez lister 3 points forts,"Bonne implication / réactivité des agents. Dans beaucoup de cas, on trouve un collègue pour nous apporter une réponse ou de l'aide lorsque nécessaire.",Depuis un an vous diriez :,Que votre expérience développeur est la même
Dans quel service développez-vous ?,SNDIL,"Votre avis sur l'offre d'outils pour le développement IDE, gitlab, CI/CD, podman, sonar, compas, oscar, etc.",3,Non renseigné,"Votre avis sur l'offre de service devops VM accès à l'offre de service et à sa documentation, facilité d'utilisation, qualité du support...",3,Non renseigné,"Votre avis sur l'offre de service devops Kube accès à l'offre de service et à sa documentation, facilité d'utilisation, qualité du support...",5,Non renseigné,"Votre avis sur l'outillage pour la sécurité les PES, analyzer, checkmarx, gitleaks,etc.",4,Non renseigné,"Votre avis sur l'offre de service d'observabilité monitor Elastic, Graphana, Glowroot, etc.",3,Non renseigné,"Votre avis sur l'animation du dev ? Séminaires du dev, devops ac, kata, dojo, retex, prestations Ippon, etc.",3,Non renseigné,Formation & support,3,Non renseigné,Votre avis global sur votre expérience de développeur à l'Insee,3,Non renseigné,Si vous aviez trois choses à améliorer ce serait,"poste de travail (besoin de linux !!! problématiques réseaux en VPN)
intégration de l'IA sur mon outil de dev
",Si vous deviez lister 3 points forts,Non renseigné,Depuis un an vous diriez :,Que votre expérience développeur s'est améliorée
Dans quel service développez-vous ?,SNDIP,"Votre avis sur l'offre d'outils pour le développement IDE, gitlab, CI/CD, podman, sonar, compas, oscar, etc.",3,Non renseigné,"Votre avis sur l'offre de service devops VM accès à l'offre de service et à sa documentation, facilité d'utilisation, qualité du support...",3,Non renseigné,"Votre avis sur l'offre de service devops Kube accès à l'offre de service et à sa documentation, facilité d'utilisation, qualité du support...",3,Non renseigné,"Votre avis sur l'outillage pour la sécurité les PES, analyzer, checkmarx, gitleaks,etc.",Non renseigné,Non renseigné,"Votre avis sur l'offre de service d'observabilité monitor Elastic, Graphana, Glowroot, etc.",Non renseigné,Non renseigné,"Votre avis sur l'animation du dev ? Séminaires du dev, devops ac, kata, dojo, retex, prestations Ippon, etc.",Non renseigné,Non renseigné,Formation & support,Non renseigné,Non renseigné,Votre avis global sur votre expérience de développeur à l'Insee,4,Non renseigné,Si vous aviez trois choses à améliorer ce serait,Non renseigné,Si vous deviez lister 3 points forts,Non renseigné,Depuis un an vous diriez :,Non renseigné
Dans quel service développez-vous ?,SNDIL,"Votre avis sur l'offre d'outils pour le développement IDE, gitlab, CI/CD, podman, sonar, compas, oscar, etc.",4,Non renseigné,"Votre avis sur l'offre de service devops VM accès à l'offre de service et à sa documentation, facilité d'utilisation, qualité du support...",Non renseigné,Non renseigné,"Votre avis sur l'offre de service devops Kube accès à l'offre de service et à sa documentation, facilité d'utilisation, qualité du support...",3,Non renseigné,"Votre avis sur l'outillage pour la sécurité les PES, analyzer, checkmarx, gitleaks,etc.",4,Non renseigné,"Votre avis sur l'offre de service d'observabilité monitor Elastic, Graphana, Glowroot, etc.",3,Non renseigné,"Votre avis sur l'animation du dev ? Séminaires du dev, devops ac, kata, dojo, retex, prestations Ippon, etc.",4,Non renseigné,Formation & support,5,Non renseigné,Votre avis global sur votre expérience de développeur à l'Insee,5,Non renseigné,Si vous aviez trois choses à améliorer ce serait,"Plus de stabilité dans les outils du devops (déjà il y en a beaucoup, quand en plus il faut prendre en compte des changements/mises à jour, ca devient très complexe).
Possibilité élargie d'être admin sur nos postes (pas mal de temps perdu pour des broutilles)",Si vous deviez lister 3 points forts,"A la pointe techniquement
Volonté d'excellence
Moments de partage de connaissance",Depuis un an vous diriez :,Que votre expérience développeur est la même
Dans quel service développez-vous ?,SNDIO,"Votre avis sur l'offre d'outils pour le développement IDE, gitlab, CI/CD, podman, sonar, compas, oscar, etc.",4,Non renseigné,"Votre avis sur l'offre de service devops VM accès à l'offre de service et à sa documentation, facilité d'utilisation, qualité du support...",2,"Beaucoup de choses disponibles, il est parfois compliqué de s'y retrouver.
Quand on a trouvé le bon tuto et la bonne équipe, cela devient facile.
Peut-être créer un ""chemin de base"" pour les débutant.e.s.
Je comprends que ce soit compliqué vu la multiplicité des technologies et les parcours divers de chacun :-)","Votre avis sur l'offre de service devops Kube accès à l'offre de service et à sa documentation, facilité d'utilisation, qualité du support...",Non renseigné,Non renseigné,"Votre avis sur l'outillage pour la sécurité les PES, analyzer, checkmarx, gitleaks,etc.",Non renseigné,Non renseigné,"Votre avis sur l'offre de service d'observabilité monitor Elastic, Graphana, Glowroot, etc.",Non renseigné,Non renseigné,"Votre avis sur l'animation du dev ? Séminaires du dev, devops ac, kata, dojo, retex, prestations Ippon, etc.",1,"Trop de propositions, il est très compliqué de trier.",Formation & support,3,Non renseigné,Votre avis global sur votre expérience de développeur à l'Insee,3,Non renseigné,Si vous aviez trois choses à améliorer ce serait,"Le parcours d'accueil
La communication (peut-être moins bonne depuis quelques années avec la multiplication du télétravail...)",Si vous deviez lister 3 points forts,"Métier utile
Découverte de technologies novatrices
Permettre à toutes les personnes motivées par l'informatique de devenir développeur.euse, peu importe son expérience passée",Depuis un an vous diriez :,Non renseigné
Dans quel service développez-vous ?,SNDIP,"Votre avis sur l'offre d'outils pour le développement IDE, gitlab, CI/CD, podman, sonar, compas, oscar, etc.",5,Non renseigné,"Votre avis sur l'offre de service devops VM accès à l'offre de service et à sa documentation, facilité d'utilisation, qualité du support...",5,Non renseigné,"Votre avis sur l'offre de service devops Kube accès à l'offre de service et à sa documentation, facilité d'utilisation, qualité du support...",3,Non renseigné,"Votre avis sur l'outillage pour la sécurité les PES, analyzer, checkmarx, gitleaks,etc.",2,Non renseigné,"Votre avis sur l'offre de service d'observabilité monitor Elastic, Graphana, Glowroot, etc.",3,Non renseigné,"Votre avis sur l'animation du dev ? Séminaires du dev, devops ac, kata, dojo, retex, prestations Ippon, etc.",4,Non renseigné,Formation & support,4,Non renseigné,Votre avis global sur votre expérience de développeur à l'Insee,4,Non renseigné,Si vous aviez trois choses à améliorer ce serait,Non renseigné,Si vous deviez lister 3 points forts,Non renseigné,Depuis un an vous diriez :,Que votre expérience développeur s'est améliorée
Dans quel service développez-vous ?,SNDIN,"Votre avis sur l'offre d'outils pour le développement IDE, gitlab, CI/CD, podman, sonar, compas, oscar, etc.",Non renseigné,Non renseigné,"Votre avis sur l'offre de service devops VM accès à l'offre de service et à sa documentation, facilité d'utilisation, qualité du support...",4,Non renseigné,"Votre avis sur l'offre de service devops Kube accès à l'offre de service et à sa documentation, facilité d'utilisation, qualité du support...",4,Non renseigné,"Votre avis sur l'outillage pour la sécurité les PES, analyzer, checkmarx, gitleaks,etc.",5,Non renseigné,"Votre avis sur l'offre de service d'observabilité monitor Elastic, Graphana, Glowroot, etc.",3,Non renseigné,"Votre avis sur l'animation du dev ? Séminaires du dev, devops ac, kata, dojo, retex, prestations Ippon, etc.",4,Non renseigné,Formation & support,4,Non renseigné,Votre avis global sur votre expérience de développeur à l'Insee,3,"L'évolution peut être perçue comme enrichissante. Mais également génératrice de stress (plus d'outils, de technologies,...)",Si vous aviez trois choses à améliorer ce serait,Non renseigné,Si vous deviez lister 3 points forts,Non renseigné,Depuis un an vous diriez :,Que votre expérience développeur est la même
Dans quel service développez-vous ?,SNDIN,"Votre avis sur l'offre d'outils pour le développement IDE, gitlab, CI/CD, podman, sonar, compas, oscar, etc.",4,Non renseigné,"Votre avis sur l'offre de service devops VM accès à l'offre de service et à sa documentation, facilité d'utilisation, qualité du support...",4,Non renseigné,"Votre avis sur l'offre de service devops Kube accès à l'offre de service et à sa documentation, facilité d'utilisation, qualité du support...",4,Non renseigné,"Votre avis sur l'outillage pour la sécurité les PES, analyzer, checkmarx, gitleaks,etc.",4,Non renseigné,"Votre avis sur l'offre de service d'observabilité monitor Elastic, Graphana, Glowroot, etc.",4,Non renseigné,"Votre avis sur l'animation du dev ? Séminaires du dev, devops ac, kata, dojo, retex, prestations Ippon, etc.",4,Non renseigné,Formation & support,4,Non renseigné,Votre avis global sur votre expérience de développeur à l'Insee,4,Non renseigné,Si vous aviez trois choses à améliorer ce serait,Non renseigné,Si vous deviez lister 3 points forts,Non renseigné,Depuis un an vous diriez :,Que votre expérience développeur est la même
Dans quel service développez-vous ?,SNDIP,"Votre avis sur l'offre d'outils pour le développement IDE, gitlab, CI/CD, podman, sonar, compas, oscar, etc.",5,Non renseigné,"Votre avis sur l'offre de service devops VM accès à l'offre de service et à sa documentation, facilité d'utilisation, qualité du support...",5,Non renseigné,"Votre avis sur l'offre de service devops Kube accès à l'offre de service et à sa documentation, facilité d'utilisation, qualité du support...",5,Non renseigné,"Votre avis sur l'outillage pour la sécurité les PES, analyzer, checkmarx, gitleaks,etc.",5,Non renseigné,"Votre avis sur l'offre de service d'observabilité monitor Elastic, Graphana, Glowroot, etc.",5,Non renseigné,"Votre avis sur l'animation du dev ? Séminaires du dev, devops ac, kata, dojo, retex, prestations Ippon, etc.",5,Non renseigné,Formation & support,5,Non renseigné,Votre avis global sur votre expérience de développeur à l'Insee,5,Non renseigné,Si vous aviez trois choses à améliorer ce serait,Non renseigné,Si vous deviez lister 3 points forts,Non renseigné,Depuis un an vous diriez :,Que votre expérience développeur s'est améliorée
Dans quel service développez-vous ?,SNDIN,"Votre avis sur l'offre d'outils pour le développement IDE, gitlab, CI/CD, podman, sonar, compas, oscar, etc.",1,"Sans IntellJ comme l'IDE, impossible de mettre plus d'une seule étoile : c'est LE logiciel sur lequel un développeur passe 6 h par jour, voire plus.","Votre avis sur l'offre de service devops VM accès à l'offre de service et à sa documentation, facilité d'utilisation, qualité du support...",2,"On peut faire les choses, mais il faut connaitre le job Rundeck qui convient ; et puis franchement, passer par des jobs Rundeck pour faire ce type d'opérations... ce serait tellement plus simple d'avoir des accès ssh pour exécuter des scripts, lister des répertoires, voir logs afficher des fichiers de configuration...","Votre avis sur l'offre de service devops Kube accès à l'offre de service et à sa documentation, facilité d'utilisation, qualité du support...",4,Non renseigné,"Votre avis sur l'outillage pour la sécurité les PES, analyzer, checkmarx, gitleaks,etc.",2,"Certains sont très utiles, comme gitleaks et d'autre sans intérêt ou presque comme checkmarx.","Votre avis sur l'offre de service d'observabilité monitor Elastic, Graphana, Glowroot, etc.",2,"Grafana ne fonctionne plus en Hors-Prod sur Kube depuis un moment et Elastic a déjà cassé deux fois notre prod car il faut installer des agents sur les bases de données...
En plus il faudrait des sondes ou autre pour être capable de savoir à quel endroit du réseau les choses sont cassée car à chaque fois on se tourne vers le développeur et son logiciel alors que c'est très rarement ce dernier qui est en cause.","Votre avis sur l'animation du dev ? Séminaires du dev, devops ac, kata, dojo, retex, prestations Ippon, etc.",4,Non renseigné,Formation & support,3,Non renseigné,Votre avis global sur votre expérience de développeur à l'Insee,1,"On ne peut pas développer sérieusement en Java / Javascript en 2026 sans IntelliJ. Tout le monde l'utilise sauf l'Insee, c'est anormal.",Si vous aviez trois choses à améliorer ce serait,"'- Intellij Ultimate pour tous les développeurs (sauf ceux qui ne veulent pas)
- Une politique de sécurité intelligente, et pas du, tout, tout de suite, pour toutes les applis, celle qui vient de passer en prod sur internet comme le legacy de 15 ans qui tourne en interne pour 5 gestionnaires)
- De l'aide quand on en a besoin : en cas de problème ça ne sert à rien de demander toute les heures ""alors ça marche"" ? il faut dire à la prod, à l'infra, au réseau de libérer des ressources pour aider à résoudre le problème.",Si vous deviez lister 3 points forts," - Gitlab
 - L'équipe Kube et les services associés
 - Le craft qui commence à bien prendre",Depuis un an vous diriez :,Que votre expérience développeur s'est dégradée
Dans quel service développez-vous ?,SNDIP,"Votre avis sur l'offre d'outils pour le développement IDE, gitlab, CI/CD, podman, sonar, compas, oscar, etc.",4,"Le fait que les logiciels descendent automatiquement bien configurer sur le poste de travail est un plus.
Les composants gitlab qui apparaissent sont aussi un vrai plus mais attention à la maintenance de ce type d'outils.","Votre avis sur l'offre de service devops VM accès à l'offre de service et à sa documentation, facilité d'utilisation, qualité du support...",5,"C'est top. Quel changement avec la situation précédente.
A voir pour encore aller plus loin dans l'infrastructure as code","Votre avis sur l'offre de service devops Kube accès à l'offre de service et à sa documentation, facilité d'utilisation, qualité du support...",4,L'offre évolue rapidement et c'est peut-être un peu compliqué de tout suivre ..,"Votre avis sur l'outillage pour la sécurité les PES, analyzer, checkmarx, gitleaks,etc.",3,"On ne sait pas trop l'importance de chaque outils. 
On est confronté souvent à des faux positifs qui peuvent un peu confusant...","Votre avis sur l'offre de service d'observabilité monitor Elastic, Graphana, Glowroot, etc.",3,"L'offre est en construction et c'est compliqué de prendre en main les nouveaux outils qui ont l'air de pouvoir apporter beaucoup mais plus complexe à prendre en main.
l'arrêt de glowroot serait à mon avis un peu prématuré.","Votre avis sur l'animation du dev ? Séminaires du dev, devops ac, kata, dojo, retex, prestations Ippon, etc.",4,"Un grand plus sur le séminaire et les nouvelles devops academy ...
Pour les kata et dojo, c'est plus compliqué de pouvoir y participer avec les contraintes de dev.",Formation & support,4,Non renseigné,Votre avis global sur votre expérience de développeur à l'Insee,4,On est bien mieux qu'il y a quelques années....,Si vous aviez trois choses à améliorer ce serait,"Formations sur les outils devops (rundeck, kube ...)

Infrastructure as Code

Plus d'interaction entre les différents services (plusieurs séminaires par an ? travaux transverses entre SNDI/SNSSI)
",Si vous deviez lister 3 points forts,"Offre VM

Canaux Tchap

Amélioration du poste de travail.",Depuis un an vous diriez :,Que votre expérience développeur s'est améliorée
Dans quel service développez-vous ?,SNDIO,"Votre avis sur l'offre d'outils pour le développement IDE, gitlab, CI/CD, podman, sonar, compas, oscar, etc.",4,Non renseigné,"Votre avis sur l'offre de service devops VM accès à l'offre de service et à sa documentation, facilité d'utilisation, qualité du support...",3,Non renseigné,"Votre avis sur l'offre de service devops Kube accès à l'offre de service et à sa documentation, facilité d'utilisation, qualité du support...",4,Non renseigné,"Votre avis sur l'outillage pour la sécurité les PES, analyzer, checkmarx, gitleaks,etc.",3,Non renseigné,"Votre avis sur l'offre de service d'observabilité monitor Elastic, Graphana, Glowroot, etc.",3,Non renseigné,"Votre avis sur l'animation du dev ? Séminaires du dev, devops ac, kata, dojo, retex, prestations Ippon, etc.",2,Non renseigné,Formation & support,3,Non renseigné,Votre avis global sur votre expérience de développeur à l'Insee,4,Non renseigné,Si vous aviez trois choses à améliorer ce serait,"Centralisation hors tchap
",Si vous deviez lister 3 points forts,"Evolution rapide
Pas mal d'interlocuteurs disponibles
Montée compétence",Depuis un an vous diriez :,Que votre expérience développeur est la même
Dans quel service développez-vous ?,SNDIO,"Votre avis sur l'offre d'outils pour le développement IDE, gitlab, CI/CD, podman, sonar, compas, oscar, etc.",4,Non renseigné,"Votre avis sur l'offre de service devops VM accès à l'offre de service et à sa documentation, facilité d'utilisation, qualité du support...",3,Non renseigné,"Votre avis sur l'offre de service devops Kube accès à l'offre de service et à sa documentation, facilité d'utilisation, qualité du support...",3,Non renseigné,"Votre avis sur l'outillage pour la sécurité les PES, analyzer, checkmarx, gitleaks,etc.",4,Non renseigné,"Votre avis sur l'offre de service d'observabilité monitor Elastic, Graphana, Glowroot, etc.",3,Non renseigné,"Votre avis sur l'animation du dev ? Séminaires du dev, devops ac, kata, dojo, retex, prestations Ippon, etc.",4,Non renseigné,Formation & support,3,Non renseigné,Votre avis global sur votre expérience de développeur à l'Insee,3,Non renseigné,Si vous aviez trois choses à améliorer ce serait,"Formation
Simplification des outils de demande
",Si vous deviez lister 3 points forts,"Entraide
",Depuis un an vous diriez :,Que votre expérience développeur est la même
Dans quel service développez-vous ?,SNDIO,"Votre avis sur l'offre d'outils pour le développement IDE, gitlab, CI/CD, podman, sonar, compas, oscar, etc.",4,Non renseigné,"Votre avis sur l'offre de service devops VM accès à l'offre de service et à sa documentation, facilité d'utilisation, qualité du support...",1,Non renseigné,"Votre avis sur l'offre de service devops Kube accès à l'offre de service et à sa documentation, facilité d'utilisation, qualité du support...",Non renseigné,Non renseigné,"Votre avis sur l'outillage pour la sécurité les PES, analyzer, checkmarx, gitleaks,etc.",Non renseigné,Non renseigné,"Votre avis sur l'offre de service d'observabilité monitor Elastic, Graphana, Glowroot, etc.",Non renseigné,Non renseigné,"Votre avis sur l'animation du dev ? Séminaires du dev, devops ac, kata, dojo, retex, prestations Ippon, etc.",Non renseigné,Non renseigné,Formation & support,Non renseigné,Non renseigné,Votre avis global sur votre expérience de développeur à l'Insee,Non renseigné,Non renseigné,Si vous aviez trois choses à améliorer ce serait,Non renseigné,Si vous deviez lister 3 points forts,Non renseigné,Depuis un an vous diriez :,Non renseigné
Dans quel service développez-vous ?,SNDIO,"Votre avis sur l'offre d'outils pour le développement IDE, gitlab, CI/CD, podman, sonar, compas, oscar, etc.",4,Non renseigné,"Votre avis sur l'offre de service devops VM accès à l'offre de service et à sa documentation, facilité d'utilisation, qualité du support...",3,Non renseigné,"Votre avis sur l'offre de service devops Kube accès à l'offre de service et à sa documentation, facilité d'utilisation, qualité du support...",3,Non renseigné,"Votre avis sur l'outillage pour la sécurité les PES, analyzer, checkmarx, gitleaks,etc.",4,Non renseigné,"Votre avis sur l'offre de service d'observabilité monitor Elastic, Graphana, Glowroot, etc.",Non renseigné,Non renseigné,"Votre avis sur l'animation du dev ? Séminaires du dev, devops ac, kata, dojo, retex, prestations Ippon, etc.",4,Non renseigné,Formation & support,3,Non renseigné,Votre avis global sur votre expérience de développeur à l'Insee,4,Non renseigné,Si vous aviez trois choses à améliorer ce serait,"Formation des nouveaux, suivi de la montée en compétences",Si vous deviez lister 3 points forts,Non renseigné,Depuis un an vous diriez :,Non renseigné
Dans quel service développez-vous ?,SNDIP,"Votre avis sur l'offre d'outils pour le développement IDE, gitlab, CI/CD, podman, sonar, compas, oscar, etc.",4,Difficultés d'installation dernièrement avec Intellij. Il y a des suppressions de configuration à la mise à jour par le centre logiciel. Ce qui est assez coûteux quand ça arrive.,"Votre avis sur l'offre de service devops VM accès à l'offre de service et à sa documentation, facilité d'utilisation, qualité du support...",Non renseigné,Non renseigné,"Votre avis sur l'offre de service devops Kube accès à l'offre de service et à sa documentation, facilité d'utilisation, qualité du support...",4,"Il faut s'accrocher pour comprendre parfois ce qui se passe, c'est un nouveau monde. Mais je suis repassé intégralement sur la documentation il y a deux mois et c'est globalement très clair. J'arrive à mettre des choses en oeuvre en autonomie grâce aux supports.","Votre avis sur l'outillage pour la sécurité les PES, analyzer, checkmarx, gitleaks,etc.",5,Analyzer est un outil qui apporte une grande plus-value pour vérifier périodiquement les CVEs et les fuites de secrets. Checkmarx est aussi très utile.,"Votre avis sur l'offre de service d'observabilité monitor Elastic, Graphana, Glowroot, etc.",Non renseigné,Non renseigné,"Votre avis sur l'animation du dev ? Séminaires du dev, devops ac, kata, dojo, retex, prestations Ippon, etc.",4,Non renseigné,Formation & support,4,Non renseigné,Votre avis global sur votre expérience de développeur à l'Insee,4,"L'expérience de développeur a énormément évolué ces dernières années. Dans le bon sens évidemment, mais les activités de développeur se sont multipliées et de nombreuses évolutions ont eu lieu en parallèle. C'est souvent difficile d'avoir tout en tête et de suivre ces évolutions.",Si vous aviez trois choses à améliorer ce serait,"Avoir un ""mode d'emploi"" de tout ce qui a trait au développement d'une application ou d'un groupe d'applicatifs à l'Insee. Un point d'entrée en somme, qui listerait tous les éléments auquel on doit penser. Avec des liens vers les différentes ressources ou documentations déjà existantes. Ce mode d'emploi pourrait être une ressource versionnée d'ailleurs pour pouvoir suivre les évolutions.

Plus de formations autour de l'IA mais c'est peut-être encore un peu tôt. Je l'utilise actuellement uniquement par tchat pour aller plus vite qu'avant pour développer mais quand je vois des articles sur l'IA et le développement, j'ai l'impression que ça va beaucoup beaucoup plus loin.",Si vous deviez lister 3 points forts,Non renseigné,Depuis un an vous diriez :,Que votre expérience développeur s'est améliorée
Dans quel service développez-vous ?,SNDIL,"Votre avis sur l'offre d'outils pour le développement IDE, gitlab, CI/CD, podman, sonar, compas, oscar, etc.",4,Non renseigné,"Votre avis sur l'offre de service devops VM accès à l'offre de service et à sa documentation, facilité d'utilisation, qualité du support...",Non renseigné,Non renseigné,"Votre avis sur l'offre de service devops Kube accès à l'offre de service et à sa documentation, facilité d'utilisation, qualité du support...",Non renseigné,Non renseigné,"Votre avis sur l'outillage pour la sécurité les PES, analyzer, checkmarx, gitleaks,etc.",Non renseigné,Non renseigné,"Votre avis sur l'offre de service d'observabilité monitor Elastic, Graphana, Glowroot, etc.",Non renseigné,Non renseigné,"Votre avis sur l'animation du dev ? Séminaires du dev, devops ac, kata, dojo, retex, prestations Ippon, etc.",Non renseigné,Non renseigné,Formation & support,Non renseigné,Non renseigné,Votre avis global sur votre expérience de développeur à l'Insee,Non renseigné,Non renseigné,Si vous aviez trois choses à améliorer ce serait,Non renseigné,Si vous deviez lister 3 points forts,Non renseigné,Depuis un an vous diriez :,Non renseigné
Dans quel service développez-vous ?,SNDIN,"Votre avis sur l'offre d'outils pour le développement IDE, gitlab, CI/CD, podman, sonar, compas, oscar, etc.",4,Non renseigné,"Votre avis sur l'offre de service devops VM accès à l'offre de service et à sa documentation, facilité d'utilisation, qualité du support...",4,Non renseigné,"Votre avis sur l'offre de service devops Kube accès à l'offre de service et à sa documentation, facilité d'utilisation, qualité du support...",4,Non renseigné,"Votre avis sur l'outillage pour la sécurité les PES, analyzer, checkmarx, gitleaks,etc.",3,Non renseigné,"Votre avis sur l'offre de service d'observabilité monitor Elastic, Graphana, Glowroot, etc.",3,Non renseigné,"Votre avis sur l'animation du dev ? Séminaires du dev, devops ac, kata, dojo, retex, prestations Ippon, etc.",4,Non renseigné,Formation & support,4,Non renseigné,Votre avis global sur votre expérience de développeur à l'Insee,4,Non renseigné,Si vous aviez trois choses à améliorer ce serait,"Accès facilité à l'IA.
Des gens en face mieux formés à la spec, la recette, la démarche de projet, la documentation.",Si vous deviez lister 3 points forts,"Le matériel est de bonne qualité, le télétravail fonctionne bien.",Depuis un an vous diriez :,Que votre expérience développeur s'est améliorée
Dans quel service développez-vous ?,SNDIO,"Votre avis sur l'offre d'outils pour le développement IDE, gitlab, CI/CD, podman, sonar, compas, oscar, etc.",4,Non renseigné,"Votre avis sur l'offre de service devops VM accès à l'offre de service et à sa documentation, facilité d'utilisation, qualité du support...",Non renseigné,Non renseigné,"Votre avis sur l'offre de service devops Kube accès à l'offre de service et à sa documentation, facilité d'utilisation, qualité du support...",4,Non renseigné,"Votre avis sur l'outillage pour la sécurité les PES, analyzer, checkmarx, gitleaks,etc.",4,Non renseigné,"Votre avis sur l'offre de service d'observabilité monitor Elastic, Graphana, Glowroot, etc.",3,Difficile à maîtriser,"Votre avis sur l'animation du dev ? Séminaires du dev, devops ac, kata, dojo, retex, prestations Ippon, etc.",3,Mais généralement manque de temps pour y participer :(,Formation & support,4,Non renseigné,Votre avis global sur votre expérience de développeur à l'Insee,4,Non renseigné,Si vous aviez trois choses à améliorer ce serait,Canaux d'information (d'autant plus si l'information implique une action de notre part),Si vous deviez lister 3 points forts,Documentation (notamment celle de l'équipe Kube),Depuis un an vous diriez :,Que votre expérience développeur est la même
Dans quel service développez-vous ?,SNDIP,"Votre avis sur l'offre d'outils pour le développement IDE, gitlab, CI/CD, podman, sonar, compas, oscar, etc.",3,"Claude Code, Antigravity, GitHub Copilot, etc. proposent tous des assistants de développement basés sur des modèles de la famille Claude, dont Claude Opus 4.5, aujourd’hui considéré comme l’un des modèles les plus performants pour le codage.
Amazon propose avec Amazon Bedrock un service d’inférence managée permettant un traitement régional des requêtes (souveraineté opérationnelle assurée contractuellement), tout en garantissant que les données et les prompts restent la propriété du client et ne sont pas réutilisés pour l’entraînement des modèles.
Le service s’intègre dans un VPC, avec la possibilité de restreindre ou supprimer l’accès Internet, d’utiliser des endpoints privés, et de mettre en place des mécanismes complets de journalisation, traçabilité et audit.
On est ainsi très loin d’un ""copilot branché sur le web"".
Des solutions comme Amazon Bedrock permettent pour la première fois d’envisager une assistance IA industrielle, encadrée et auditée, compatible avec des exigences fortes de sécurité et de confidentialité, là où les outils grand public sont hors-cadre par nature.

Sources :
https://aws.amazon.com/fr/about-aws/whats-new/2025/11/claude-opus-4-5-amazon-bedrock/
https://docs.aws.amazon.com/bedrock/latest/userguide/models-supported.html
https://docs.aws.amazon.com/bedrock/latest/userguide/data-protection.html","Votre avis sur l'offre de service devops VM accès à l'offre de service et à sa documentation, facilité d'utilisation, qualité du support...",4,Non renseigné,"Votre avis sur l'offre de service devops Kube accès à l'offre de service et à sa documentation, facilité d'utilisation, qualité du support...",5,Non renseigné,"Votre avis sur l'outillage pour la sécurité les PES, analyzer, checkmarx, gitleaks,etc.",4,Non renseigné,"Votre avis sur l'offre de service d'observabilité monitor Elastic, Graphana, Glowroot, etc.",4,Non renseigné,"Votre avis sur l'animation du dev ? Séminaires du dev, devops ac, kata, dojo, retex, prestations Ippon, etc.",4,Non renseigné,Formation & support,4,Non renseigné,Votre avis global sur votre expérience de développeur à l'Insee,3,Non renseigné,Si vous aviez trois choses à améliorer ce serait,"'- Peut-être mieux centraliser la documentation, pour faciliter la prise de poste des nouveaux : Proposer un Intranet dédié, pour l'instant https://intranet.insee.fr/jcms/c_2027037/fr/developpement-informatique est vide... Tout comme https://intranet.insee.fr/jcms/c_2027036/fr/infrastructure-et-production
- Une adaptation de l'encadrement de l'usage de l'IA pour les développeurs, en proposant des outils performants et sécurisés.
- A défaut de trouver et proposer des solutions sérieuses sur l'assistance de codage IA, avoir plus de développeurs.",Si vous deviez lister 3 points forts,"'- L'architecture est robuste et les services proposés opérationnels,
- L'offre devOps est très large, des VM aux Containers, 
- Les compétences et formations internes sont de qualité.",Depuis un an vous diriez :,Que votre expérience développeur s'est améliorée
Dans quel service développez-vous ?,SNDIP,"Votre avis sur l'offre d'outils pour le développement IDE, gitlab, CI/CD, podman, sonar, compas, oscar, etc.",Non renseigné,Non renseigné,"Votre avis sur l'offre de service devops VM accès à l'offre de service et à sa documentation, facilité d'utilisation, qualité du support...",Non renseigné,Non renseigné,"Votre avis sur l'offre de service devops Kube accès à l'offre de service et à sa documentation, facilité d'utilisation, qualité du support...",Non renseigné,Non renseigné,"Votre avis sur l'outillage pour la sécurité les PES, analyzer, checkmarx, gitleaks,etc.",Non renseigné,Non renseigné,"Votre avis sur l'offre de service d'observabilité monitor Elastic, Graphana, Glowroot, etc.",Non renseigné,Non renseigné,"Votre avis sur l'animation du dev ? Séminaires du dev, devops ac, kata, dojo, retex, prestations Ippon, etc.",Non renseigné,Non renseigné,Formation & support,Non renseigné,Non renseigné,Votre avis global sur votre expérience de développeur à l'Insee,Non renseigné,Non renseigné,Si vous aviez trois choses à améliorer ce serait,Non renseigné,Si vous deviez lister 3 points forts,Non renseigné,Depuis un an vous diriez :,Non renseigné
Dans quel service développez-vous ?,SNDIN,"Votre avis sur l'offre d'outils pour le développement IDE, gitlab, CI/CD, podman, sonar, compas, oscar, etc.",5,Non renseigné,"Votre avis sur l'offre de service devops VM accès à l'offre de service et à sa documentation, facilité d'utilisation, qualité du support...",5,Non renseigné,"Votre avis sur l'offre de service devops Kube accès à l'offre de service et à sa documentation, facilité d'utilisation, qualité du support...",5,Non renseigné,"Votre avis sur l'outillage pour la sécurité les PES, analyzer, checkmarx, gitleaks,etc.",4,Non renseigné,"Votre avis sur l'offre de service d'observabilité monitor Elastic, Graphana, Glowroot, etc.",3,On a hâte d'avoir accès de manière facilitée à ELK,"Votre avis sur l'animation du dev ? Séminaires du dev, devops ac, kata, dojo, retex, prestations Ippon, etc.",4,Non renseigné,Formation & support,4,Non renseigné,Votre avis global sur votre expérience de développeur à l'Insee,4,Non renseigné,Si vous aviez trois choses à améliorer ce serait,"La politique de gestion des CVEs, l'accompagnement sur la partie CI/CD des équipes, le partage des compétences et expérimentations entre équipes",Si vous deviez lister 3 points forts,"La formation et l'accompagnement des développeurs, le cadre ""libertaire"" (choix des outils, choix techniques) dans lequel on travaille, l'ambiance qualité ",Depuis un an vous diriez :,Que votre expérience développeur s'est améliorée
Dans quel service développez-vous ?,SNDIO,"Votre avis sur l'offre d'outils pour le développement IDE, gitlab, CI/CD, podman, sonar, compas, oscar, etc.",3,"Diversité et adaptation des outils au besoin : 4/5

Gestion de ces outils dans le gestionnaire de poste de travail : 2/5. Par exemple :

- les mises à jour IntelliJ ne prennent pas en compte les plugin installés,
- l'intervalle de temps entre la demande d'installation d'un logiciel et son installation est trop longue.","Votre avis sur l'offre de service devops VM accès à l'offre de service et à sa documentation, facilité d'utilisation, qualité du support...",4,"La documentation est souvent de très bonne qualité mais parfois difficile à comprendre, car elle ne fait pas état de connaissances supposées connues (mais qui ne le sont pas toujours) par l'utilisateur. Des howtos pas à pas OU un effort de mise en contexte/rappel de contexte serait appréciable.","Votre avis sur l'offre de service devops Kube accès à l'offre de service et à sa documentation, facilité d'utilisation, qualité du support...",Non renseigné,Non renseigné,"Votre avis sur l'outillage pour la sécurité les PES, analyzer, checkmarx, gitleaks,etc.",Non renseigné,Non renseigné,"Votre avis sur l'offre de service d'observabilité monitor Elastic, Graphana, Glowroot, etc.",Non renseigné,Non renseigné,"Votre avis sur l'animation du dev ? Séminaires du dev, devops ac, kata, dojo, retex, prestations Ippon, etc.",Non renseigné,Non renseigné,Formation & support,Non renseigné,Non renseigné,Votre avis global sur votre expérience de développeur à l'Insee,3,"L'information n'est globalement pas toujours bien structurée, c'est souvent compliqué de savoir où trouver une info ou à qui s'adresser pour un problème donné.

Lorsqu'une équipe publie dans un canal tchap une maintenance à faire pour que les outils continuent à fonctionner, les dévs doivent souvent la réaliser dans l'urgence. Quand la programmation des travaux se fait sur des sprints de 3 semaines, c'est préférables d'avoir une visibilité au grand minimum à 3 sprints d'avance, et préférentiellement au trimestre.",Si vous aviez trois choses à améliorer ce serait,"'- La pédagogie dans la documentation par ailleurs très complète et agréable (plus de contexte, plus de howtos, plus de détails).
- Anticiper mieux les communication pour laisser aux équipes de réalisation le temps de planifier les maintenances (ex : ephemeral storage annoncée le 9 décembre pour le 13 janvier en production).
- Laisser aux dévs plus de latitude pour installer leurs outils sans passer par siamoi/le centre logiciel lent, peu pratique, buggé.",Si vous deviez lister 3 points forts,"'- La communication avec les équipes produits.
- L'exhaustivité de la documentation fournie.
",Depuis un an vous diriez :,Que votre expérience développeur est la même
Dans quel service développez-vous ?,SNDIP,"Votre avis sur l'offre d'outils pour le développement IDE, gitlab, CI/CD, podman, sonar, compas, oscar, etc.",4,"Offre quasiment complète, mais manque des outils communs sur l'accessibilité mis en avant","Votre avis sur l'offre de service devops VM accès à l'offre de service et à sa documentation, facilité d'utilisation, qualité du support...",4,Non renseigné,"Votre avis sur l'offre de service devops Kube accès à l'offre de service et à sa documentation, facilité d'utilisation, qualité du support...",Non renseigné,Non renseigné,"Votre avis sur l'outillage pour la sécurité les PES, analyzer, checkmarx, gitleaks,etc.",3,Pas forcément clair de savoir quel outil utiliser,"Votre avis sur l'offre de service d'observabilité monitor Elastic, Graphana, Glowroot, etc.",Non renseigné,Non renseigné,"Votre avis sur l'animation du dev ? Séminaires du dev, devops ac, kata, dojo, retex, prestations Ippon, etc.",4,Non renseigné,Formation & support,4,Non renseigné,Votre avis global sur votre expérience de développeur à l'Insee,4,Non renseigné,Si vous aviez trois choses à améliorer ce serait,"Le focus sur l'accessibilité (formation nécessaire pour les équipes travaillant sur des applications avec IHM par exemple)
Une formation interne sur Kube lorsque l'on passe d'une appli VM à une appli conteneurisé",Si vous deviez lister 3 points forts,"Le partage de connaissances au sein du service de développement
Le bon outillage pour communiquer facilement (Tchap ""Contactez-nous"", trombi.insee.fr pour récupérer les mails)",Depuis un an vous diriez :,Que votre expérience développeur s'est améliorée
Dans quel service développez-vous ?,SNDIN,"Votre avis sur l'offre d'outils pour le développement IDE, gitlab, CI/CD, podman, sonar, compas, oscar, etc.",4,Non renseigné,"Votre avis sur l'offre de service devops VM accès à l'offre de service et à sa documentation, facilité d'utilisation, qualité du support...",Non renseigné,Non renseigné,"Votre avis sur l'offre de service devops Kube accès à l'offre de service et à sa documentation, facilité d'utilisation, qualité du support...",Non renseigné,Non renseigné,"Votre avis sur l'outillage pour la sécurité les PES, analyzer, checkmarx, gitleaks,etc.",Non renseigné,Non renseigné,"Votre avis sur l'offre de service d'observabilité monitor Elastic, Graphana, Glowroot, etc.",Non renseigné,Non renseigné,"Votre avis sur l'animation du dev ? Séminaires du dev, devops ac, kata, dojo, retex, prestations Ippon, etc.",4,Non renseigné,Formation & support,5,Non renseigné,Votre avis global sur votre expérience de développeur à l'Insee,4,Non renseigné,Si vous aviez trois choses à améliorer ce serait,/,Si vous deviez lister 3 points forts,Non renseigné,Depuis un an vous diriez :,Que votre expérience développeur s'est améliorée
Dans quel service développez-vous ?,PGCOC,"Votre avis sur l'offre d'outils pour le développement IDE, gitlab, CI/CD, podman, sonar, compas, oscar, etc.",4,Non renseigné,"Votre avis sur l'offre de service devops VM accès à l'offre de service et à sa documentation, facilité d'utilisation, qualité du support...",3,Non renseigné,"Votre avis sur l'offre de service devops Kube accès à l'offre de service et à sa documentation, facilité d'utilisation, qualité du support...",4,Non renseigné,"Votre avis sur l'outillage pour la sécurité les PES, analyzer, checkmarx, gitleaks,etc.",Non renseigné,Non renseigné,"Votre avis sur l'offre de service d'observabilité monitor Elastic, Graphana, Glowroot, etc.",Non renseigné,Non renseigné,"Votre avis sur l'animation du dev ? Séminaires du dev, devops ac, kata, dojo, retex, prestations Ippon, etc.",Non renseigné,Non renseigné,Formation & support,Non renseigné,Non renseigné,Votre avis global sur votre expérience de développeur à l'Insee,Non renseigné,Non renseigné,Si vous aviez trois choses à améliorer ce serait,Non renseigné,Si vous deviez lister 3 points forts,Non renseigné,Depuis un an vous diriez :,Non renseigné
Dans quel service développez-vous ?,SNDIL,"Votre avis sur l'offre d'outils pour le développement IDE, gitlab, CI/CD, podman, sonar, compas, oscar, etc.",4,Non renseigné,"Votre avis sur l'offre de service devops VM accès à l'offre de service et à sa documentation, facilité d'utilisation, qualité du support...",Non renseigné,Non renseigné,"Votre avis sur l'offre de service devops Kube accès à l'offre de service et à sa documentation, facilité d'utilisation, qualité du support...",5,Non renseigné,"Votre avis sur l'outillage pour la sécurité les PES, analyzer, checkmarx, gitleaks,etc.",2,Non renseigné,"Votre avis sur l'offre de service d'observabilité monitor Elastic, Graphana, Glowroot, etc.",Non renseigné,Non renseigné,"Votre avis sur l'animation du dev ? Séminaires du dev, devops ac, kata, dojo, retex, prestations Ippon, etc.",3,"Hormis le séminaire du dev, il n'y a pas vraiment d'animation du dev pilotée à l'échelle nationale ce qui est dommage. Au sein du SNDIL l'animation est portée par un groupe de volontaires et fonctionne très bien. On pourrait imaginer des postes d'experts (devops, sécu, IA, accessibilité, écoconception) rattachés à la DAD et dispatchés dans les SNDI, comme ça peut être le cas pour les architectes",Formation & support,1,"Offre de formation au SNDIL, mais rien de connu à niveau national ou en tout cas pas suffisamment diffusé",Votre avis global sur votre expérience de développeur à l'Insee,4,Non renseigné,Si vous aviez trois choses à améliorer ce serait,"1. améliorer/créer les documentations de services de la prod type IAHS, observabilité, poste de travail, ... pour alléger les canaux de discussion avec des sites documentaires bien fournis et largement diffusés (prendre exemple sur l'équipe Kube !).
2. étendre le réseau des ""sachant"" dans tous les services pour avoir un interlocuteur de proximité, et créer des postes en conséquence qui peuvent être intéressants pour les carrières des agents.
3. attention à l'agilité et parfois à la multiplication des réunions, penser à des scrum masters pour éviter les dérives",Si vous deviez lister 3 points forts,"1. devops Kube très très bien diffusé et facile à intégrer grâce à la doc
2. groupe de travail au SNDIL autour du rangement de nos affaires, uniformisation et amélioration commune des pratiques qui est super
3. réactivité des groups tchap de la prod",Depuis un an vous diriez :,Que votre expérience développeur s'est améliorée
Dans quel service développez-vous ?,SNDIP,"Votre avis sur l'offre d'outils pour le développement IDE, gitlab, CI/CD, podman, sonar, compas, oscar, etc.",4,Non renseigné,"Votre avis sur l'offre de service devops VM accès à l'offre de service et à sa documentation, facilité d'utilisation, qualité du support...",4,Non renseigné,"Votre avis sur l'offre de service devops Kube accès à l'offre de service et à sa documentation, facilité d'utilisation, qualité du support...",4,Non renseigné,"Votre avis sur l'outillage pour la sécurité les PES, analyzer, checkmarx, gitleaks,etc.",4,Non renseigné,"Votre avis sur l'offre de service d'observabilité monitor Elastic, Graphana, Glowroot, etc.",4,Non renseigné,"Votre avis sur l'animation du dev ? Séminaires du dev, devops ac, kata, dojo, retex, prestations Ippon, etc.",5,Non renseigné,Formation & support,4,Non renseigné,Votre avis global sur votre expérience de développeur à l'Insee,4,Non renseigné,Si vous aviez trois choses à améliorer ce serait,Non renseigné,Si vous deviez lister 3 points forts,Non renseigné,Depuis un an vous diriez :,Que votre expérience développeur s'est améliorée
Dans quel service développez-vous ?,SNDIP,"Votre avis sur l'offre d'outils pour le développement IDE, gitlab, CI/CD, podman, sonar, compas, oscar, etc.",5,Non renseigné,"Votre avis sur l'offre de service devops VM accès à l'offre de service et à sa documentation, facilité d'utilisation, qualité du support...",5,Non renseigné,"Votre avis sur l'offre de service devops Kube accès à l'offre de service et à sa documentation, facilité d'utilisation, qualité du support...",5,Non renseigné,"Votre avis sur l'outillage pour la sécurité les PES, analyzer, checkmarx, gitleaks,etc.",5,Non renseigné,"Votre avis sur l'offre de service d'observabilité monitor Elastic, Graphana, Glowroot, etc.",5,Non renseigné,"Votre avis sur l'animation du dev ? Séminaires du dev, devops ac, kata, dojo, retex, prestations Ippon, etc.",5,Non renseigné,Formation & support,4,Non renseigné,Votre avis global sur votre expérience de développeur à l'Insee,4,Non renseigné,Si vous aviez trois choses à améliorer ce serait,Non renseigné,Si vous deviez lister 3 points forts,Non renseigné,Depuis un an vous diriez :,Non renseigné
Dans quel service développez-vous ?,SNDIP,"Votre avis sur l'offre d'outils pour le développement IDE, gitlab, CI/CD, podman, sonar, compas, oscar, etc.",4,Non renseigné,"Votre avis sur l'offre de service devops VM accès à l'offre de service et à sa documentation, facilité d'utilisation, qualité du support...",Non renseigné,Non renseigné,"Votre avis sur l'offre de service devops Kube accès à l'offre de service et à sa documentation, facilité d'utilisation, qualité du support...",Non renseigné,Non renseigné,"Votre avis sur l'outillage pour la sécurité les PES, analyzer, checkmarx, gitleaks,etc.",Non renseigné,Non renseigné,"Votre avis sur l'offre de service d'observabilité monitor Elastic, Graphana, Glowroot, etc.",Non renseigné,Non renseigné,"Votre avis sur l'animation du dev ? Séminaires du dev, devops ac, kata, dojo, retex, prestations Ippon, etc.",Non renseigné,Non renseigné,Formation & support,Non renseigné,Non renseigné,Votre avis global sur votre expérience de développeur à l'Insee,Non renseigné,Non renseigné,Si vous aviez trois choses à améliorer ce serait,Non renseigné,Si vous deviez lister 3 points forts,Non renseigné,Depuis un an vous diriez :,Non renseigné
Dans quel service développez-vous ?,SNDIN,"Votre avis sur l'offre d'outils pour le développement IDE, gitlab, CI/CD, podman, sonar, compas, oscar, etc.",1,Non renseigné,"Votre avis sur l'offre de service devops VM accès à l'offre de service et à sa documentation, facilité d'utilisation, qualité du support...",1,Non renseigné,"Votre avis sur l'offre de service devops Kube accès à l'offre de service et à sa documentation, facilité d'utilisation, qualité du support...",Non renseigné,Non renseigné,"Votre avis sur l'outillage pour la sécurité les PES, analyzer, checkmarx, gitleaks,etc.",2,Non renseigné,"Votre avis sur l'offre de service d'observabilité monitor Elastic, Graphana, Glowroot, etc.",1,Non renseigné,"Votre avis sur l'animation du dev ? Séminaires du dev, devops ac, kata, dojo, retex, prestations Ippon, etc.",1,Non renseigné,Formation & support,1,Non renseigné,Votre avis global sur votre expérience de développeur à l'Insee,1,Non renseigné,Si vous aviez trois choses à améliorer ce serait,"'- organiser autrement les équipes: dev backend, dev frontend. Quand on doit tout faire, on ne fait rien de bien. La charge d'apprentissage est trop élevée. Le frontend est un domaine à part qui est complètement délaissé (pour l'aspect graphique, on ne se pose pas la question, on prend un framework qui fait mal le travail, c'est plus rapide que de le faire à la main...).
- systématiser l'intervention de web designer (internes c'est mieux, ou de prestataires à la rigueur). Les maquettes faites par le métier ou par les dev ne sont pas à la hauteur du monde professionnel. Web designer, c'est un métier à part qui ne s'improvise pas.
- utilisation des outils, notamment au niveau des IA. Je comprends l'impératif de sécurité, mais l'IA est là depuis plusieurs années, et on vient juste d'avoir un avis de l'IG. Il faut plus de souplesse dans l'utilisation de l'IA. On ne peut pas se satisfaire d'être à la traîne de la technologie et du reste du monde.
- 4e point, bonus. Continuer à avoir des développeurs senior catégorie B, et donc sous-payés, est un non-sens en terme de motivation et de performance. Pour les métiers techniques et pointus, il faut un moyen autre que des concours hors-sol et des passages au choix qui se font quand les astres sont bien alignés pour pouvoir évoluer.",Si vous deviez lister 3 points forts,"'- humainement, les équipes sont agréables et investies dans leur travail.",Depuis un an vous diriez :,Que votre expérience développeur est la même
Dans quel service développez-vous ?,SNDIP,"Votre avis sur l'offre d'outils pour le développement IDE, gitlab, CI/CD, podman, sonar, compas, oscar, etc.",Non renseigné,Non renseigné,"Votre avis sur l'offre de service devops VM accès à l'offre de service et à sa documentation, facilité d'utilisation, qualité du support...",Non renseigné,Non renseigné,"Votre avis sur l'offre de service devops Kube accès à l'offre de service et à sa documentation, facilité d'utilisation, qualité du support...",Non renseigné,Non renseigné,"Votre avis sur l'outillage pour la sécurité les PES, analyzer, checkmarx, gitleaks,etc.",Non renseigné,Non renseigné,"Votre avis sur l'offre de service d'observabilité monitor Elastic, Graphana, Glowroot, etc.",Non renseigné,Non renseigné,"Votre avis sur l'animation du dev ? Séminaires du dev, devops ac, kata, dojo, retex, prestations Ippon, etc.",Non renseigné,Non renseigné,Formation & support,Non renseigné,Non renseigné,Votre avis global sur votre expérience de développeur à l'Insee,Non renseigné,Non renseigné,Si vous aviez trois choses à améliorer ce serait,Non renseigné,Si vous deviez lister 3 points forts,Non renseigné,Depuis un an vous diriez :,Non renseigné
Dans quel service développez-vous ?,SNDIN,"Votre avis sur l'offre d'outils pour le développement IDE, gitlab, CI/CD, podman, sonar, compas, oscar, etc.",4,Non renseigné,"Votre avis sur l'offre de service devops VM accès à l'offre de service et à sa documentation, facilité d'utilisation, qualité du support...",3,Non renseigné,"Votre avis sur l'offre de service devops Kube accès à l'offre de service et à sa documentation, facilité d'utilisation, qualité du support...",5,Non renseigné,"Votre avis sur l'outillage pour la sécurité les PES, analyzer, checkmarx, gitleaks,etc.",2,Non renseigné,"Votre avis sur l'offre de service d'observabilité monitor Elastic, Graphana, Glowroot, etc.",Non renseigné,Non renseigné,"Votre avis sur l'animation du dev ? Séminaires du dev, devops ac, kata, dojo, retex, prestations Ippon, etc.",3,Non renseigné,Formation & support,Non renseigné,Non renseigné,Votre avis global sur votre expérience de développeur à l'Insee,3,Non renseigné,Si vous aviez trois choses à améliorer ce serait,Non renseigné,Si vous deviez lister 3 points forts,Non renseigné,Depuis un an vous diriez :,Non renseigné
Dans quel service développez-vous ?,SNDIO,"Votre avis sur l'offre d'outils pour le développement IDE, gitlab, CI/CD, podman, sonar, compas, oscar, etc.",Non renseigné,Non renseigné,"Votre avis sur l'offre de service devops VM accès à l'offre de service et à sa documentation, facilité d'utilisation, qualité du support...",Non renseigné,Non renseigné,"Votre avis sur l'offre de service devops Kube accès à l'offre de service et à sa documentation, facilité d'utilisation, qualité du support...",Non renseigné,Non renseigné,"Votre avis sur l'outillage pour la sécurité les PES, analyzer, checkmarx, gitleaks,etc.",Non renseigné,Non renseigné,"Votre avis sur l'offre de service d'observabilité monitor Elastic, Graphana, Glowroot, etc.",Non renseigné,Non renseigné,"Votre avis sur l'animation du dev ? Séminaires du dev, devops ac, kata, dojo, retex, prestations Ippon, etc.",Non renseigné,Non renseigné,Formation & support,Non renseigné,Non renseigné,Votre avis global sur votre expérience de développeur à l'Insee,Non renseigné,Non renseigné,Si vous aviez trois choses à améliorer ce serait,Non renseigné,Si vous deviez lister 3 points forts,Non renseigné,Depuis un an vous diriez :,Non renseigné
Dans quel service développez-vous ?,PGCOC,"Votre avis sur l'offre d'outils pour le développement IDE, gitlab, CI/CD, podman, sonar, compas, oscar, etc.",4,La diversité des outils est très bonne. Attention cependant à ne pas multiplier les fonctionnalités qui feraient doublons.,"Votre avis sur l'offre de service devops VM accès à l'offre de service et à sa documentation, facilité d'utilisation, qualité du support...",Non renseigné,Non renseigné,"Votre avis sur l'offre de service devops Kube accès à l'offre de service et à sa documentation, facilité d'utilisation, qualité du support...",4,L'offre s'est pas mal étoffée ces derniers mois. La documentation est claire mais la configuration est souvent un parcours du combattant.,"Votre avis sur l'outillage pour la sécurité les PES, analyzer, checkmarx, gitleaks,etc.",4,Non renseigné,"Votre avis sur l'offre de service d'observabilité monitor Elastic, Graphana, Glowroot, etc.",4,Non renseigné,"Votre avis sur l'animation du dev ? Séminaires du dev, devops ac, kata, dojo, retex, prestations Ippon, etc.",4,Non renseigné,Formation & support,4,Non renseigné,Votre avis global sur votre expérience de développeur à l'Insee,4,"Le métier évolue beaucoup et reste très enrichissant. Une difficulté serait dans le choix et la prise en main d'outils spécifiques, par exemple Tuleap vs Gitlab pour la gestion de projet.",Si vous aviez trois choses à améliorer ce serait,Plus d'interactions entre les SNDI pour la mise en commun des savoirs et faciliter la montée en compétences des développeurs.,Si vous deviez lister 3 points forts,"L'agilité, le réseau et les outils",Depuis un an vous diriez :,Que votre expérience développeur est la même
Dans quel service développez-vous ?,SNDIP,"Votre avis sur l'offre d'outils pour le développement IDE, gitlab, CI/CD, podman, sonar, compas, oscar, etc.",3,Non renseigné,"Votre avis sur l'offre de service devops VM accès à l'offre de service et à sa documentation, facilité d'utilisation, qualité du support...",3,Non renseigné,"Votre avis sur l'offre de service devops Kube accès à l'offre de service et à sa documentation, facilité d'utilisation, qualité du support...",3,Non renseigné,"Votre avis sur l'outillage pour la sécurité les PES, analyzer, checkmarx, gitleaks,etc.",Non renseigné,Non renseigné,"Votre avis sur l'offre de service d'observabilité monitor Elastic, Graphana, Glowroot, etc.",Non renseigné,Non renseigné,"Votre avis sur l'animation du dev ? Séminaires du dev, devops ac, kata, dojo, retex, prestations Ippon, etc.",Non renseigné,Non renseigné,Formation & support,5,Non renseigné,Votre avis global sur votre expérience de développeur à l'Insee,3,Non renseigné,Si vous aviez trois choses à améliorer ce serait,Non renseigné,Si vous deviez lister 3 points forts,Non renseigné,Depuis un an vous diriez :,Que votre expérience développeur s'est améliorée
Dans quel service développez-vous ?,SNDIN,"Votre avis sur l'offre d'outils pour le développement IDE, gitlab, CI/CD, podman, sonar, compas, oscar, etc.",Non renseigné,Non renseigné,"Votre avis sur l'offre de service devops VM accès à l'offre de service et à sa documentation, facilité d'utilisation, qualité du support...",Non renseigné,Non renseigné,"Votre avis sur l'offre de service devops Kube accès à l'offre de service et à sa documentation, facilité d'utilisation, qualité du support...",Non renseigné,Non renseigné,"Votre avis sur l'outillage pour la sécurité les PES, analyzer, checkmarx, gitleaks,etc.",Non renseigné,Non renseigné,"Votre avis sur l'offre de service d'observabilité monitor Elastic, Graphana, Glowroot, etc.",Non renseigné,Non renseigné,"Votre avis sur l'animation du dev ? Séminaires du dev, devops ac, kata, dojo, retex, prestations Ippon, etc.",Non renseigné,Non renseigné,Formation & support,Non renseigné,Non renseigné,Votre avis global sur votre expérience de développeur à l'Insee,Non renseigné,Non renseigné,Si vous aviez trois choses à améliorer ce serait,Non renseigné,Si vous deviez lister 3 points forts,Non renseigné,Depuis un an vous diriez :,Non renseigné
Dans quel service développez-vous ?,SNDIL,"Votre avis sur l'offre d'outils pour le développement IDE, gitlab, CI/CD, podman, sonar, compas, oscar, etc.",3,Inquiétudes sur la fragilité de l'installation podman. Cet outil devient central dans nos stratégies de developpement et de test local.,"Votre avis sur l'offre de service devops VM accès à l'offre de service et à sa documentation, facilité d'utilisation, qualité du support...",4,Non renseigné,"Votre avis sur l'offre de service devops Kube accès à l'offre de service et à sa documentation, facilité d'utilisation, qualité du support...",5,Non renseigné,"Votre avis sur l'outillage pour la sécurité les PES, analyzer, checkmarx, gitleaks,etc.",3,Non renseigné,"Votre avis sur l'offre de service d'observabilité monitor Elastic, Graphana, Glowroot, etc.",3,Les nouvelles solutions sembles prometeuses. L'articulation des offres VM et Kube est très floue.,"Votre avis sur l'animation du dev ? Séminaires du dev, devops ac, kata, dojo, retex, prestations Ippon, etc.",4,Non renseigné,Formation & support,Non renseigné,Non renseigné,Votre avis global sur votre expérience de développeur à l'Insee,3,Non renseigné,Si vous aviez trois choses à améliorer ce serait,"Disposer d'un poste de travail adapté aux dev
Du docker in docker autorisé dans les CI pour les tests
",Si vous deviez lister 3 points forts,"La transformation devops : documentation et canaux d'échanges de la plupart des équipes services
L'offre Kube
",Depuis un an vous diriez :,Que votre expérience développeur s'est améliorée
Dans quel service développez-vous ?,SNDIL,"Votre avis sur l'offre d'outils pour le développement IDE, gitlab, CI/CD, podman, sonar, compas, oscar, etc.",Non renseigné,Non renseigné,"Votre avis sur l'offre de service devops VM accès à l'offre de service et à sa documentation, facilité d'utilisation, qualité du support...",Non renseigné,Non renseigné,"Votre avis sur l'offre de service devops Kube accès à l'offre de service et à sa documentation, facilité d'utilisation, qualité du support...",Non renseigné,Non renseigné,"Votre avis sur l'outillage pour la sécurité les PES, analyzer, checkmarx, gitleaks,etc.",Non renseigné,Non renseigné,"Votre avis sur l'offre de service d'observabilité monitor Elastic, Graphana, Glowroot, etc.",Non renseigné,Non renseigné,"Votre avis sur l'animation du dev ? Séminaires du dev, devops ac, kata, dojo, retex, prestations Ippon, etc.",Non renseigné,Non renseigné,Formation & support,Non renseigné,Non renseigné,Votre avis global sur votre expérience de développeur à l'Insee,Non renseigné,Non renseigné,Si vous aviez trois choses à améliorer ce serait,Non renseigné,Si vous deviez lister 3 points forts,Non renseigné,Depuis un an vous diriez :,Non renseigné
Dans quel service développez-vous ?,SNDIL,"Votre avis sur l'offre d'outils pour le développement IDE, gitlab, CI/CD, podman, sonar, compas, oscar, etc.",4,Non renseigné,"Votre avis sur l'offre de service devops VM accès à l'offre de service et à sa documentation, facilité d'utilisation, qualité du support...",Non renseigné,Non renseigné,"Votre avis sur l'offre de service devops Kube accès à l'offre de service et à sa documentation, facilité d'utilisation, qualité du support...",Non renseigné,Non renseigné,"Votre avis sur l'outillage pour la sécurité les PES, analyzer, checkmarx, gitleaks,etc.",Non renseigné,Non renseigné,"Votre avis sur l'offre de service d'observabilité monitor Elastic, Graphana, Glowroot, etc.",Non renseigné,Non renseigné,"Votre avis sur l'animation du dev ? Séminaires du dev, devops ac, kata, dojo, retex, prestations Ippon, etc.",Non renseigné,Non renseigné,Formation & support,Non renseigné,Non renseigné,Votre avis global sur votre expérience de développeur à l'Insee,Non renseigné,Non renseigné,Si vous aviez trois choses à améliorer ce serait,Non renseigné,Si vous deviez lister 3 points forts,Non renseigné,Depuis un an vous diriez :,Non renseigné
Dans quel service développez-vous ?,SNDIN,"Votre avis sur l'offre d'outils pour le développement IDE, gitlab, CI/CD, podman, sonar, compas, oscar, etc.",Non renseigné,Non renseigné,"Votre avis sur l'offre de service devops VM accès à l'offre de service et à sa documentation, facilité d'utilisation, qualité du support...",Non renseigné,Non renseigné,"Votre avis sur l'offre de service devops Kube accès à l'offre de service et à sa documentation, facilité d'utilisation, qualité du support...",Non renseigné,Non renseigné,"Votre avis sur l'outillage pour la sécurité les PES, analyzer, checkmarx, gitleaks,etc.",Non renseigné,Non renseigné,"Votre avis sur l'offre de service d'observabilité monitor Elastic, Graphana, Glowroot, etc.",Non renseigné,Non renseigné,"Votre avis sur l'animation du dev ? Séminaires du dev, devops ac, kata, dojo, retex, prestations Ippon, etc.",Non renseigné,Non renseigné,Formation & support,Non renseigné,Non renseigné,Votre avis global sur votre expérience de développeur à l'Insee,Non renseigné,Non renseigné,Si vous aviez trois choses à améliorer ce serait,Non renseigné,Si vous deviez lister 3 points forts,Non renseigné,Depuis un an vous diriez :,Non renseigné
Dans quel service développez-vous ?,PGCOC,"Votre avis sur l'offre d'outils pour le développement IDE, gitlab, CI/CD, podman, sonar, compas, oscar, etc.",3,Non renseigné,"Votre avis sur l'offre de service devops VM accès à l'offre de service et à sa documentation, facilité d'utilisation, qualité du support...",Non renseigné,Non renseigné,"Votre avis sur l'offre de service devops Kube accès à l'offre de service et à sa documentation, facilité d'utilisation, qualité du support...",4,Equipe kube vraiment sympa pour aider. Heureusement qu'il y avait l'atelier séminaire des dev. Doc pas toujours facile à trouver / utiliser.,"Votre avis sur l'outillage pour la sécurité les PES, analyzer, checkmarx, gitleaks,etc.",3,Non renseigné,"Votre avis sur l'offre de service d'observabilité monitor Elastic, Graphana, Glowroot, etc.",Non renseigné,Non renseigné,"Votre avis sur l'animation du dev ? Séminaires du dev, devops ac, kata, dojo, retex, prestations Ippon, etc.",3,"Pas / peu d'info de base sur intranet : Communauté symphonie peu / plus active, pas d'actu DSI... Heureusement qu'il y a le portail de Nantes (https://sndi-nantes.gitlab-pages.insee.fr/portail-des-connaissances/) qui explique un peu les outils et donne les liens vers les git documentaires.",Formation & support,3,Non renseigné,Votre avis global sur votre expérience de développeur à l'Insee,3,Non renseigné,Si vous aviez trois choses à améliorer ce serait,Non renseigné,Si vous deviez lister 3 points forts,Non renseigné,Depuis un an vous diriez :,Que votre expérience développeur est la même
Dans quel service développez-vous ?,SNDIN,"Votre avis sur l'offre d'outils pour le développement IDE, gitlab, CI/CD, podman, sonar, compas, oscar, etc.",5,Non renseigné,"Votre avis sur l'offre de service devops VM accès à l'offre de service et à sa documentation, facilité d'utilisation, qualité du support...",3,Il n'est pas évident de trouver le bon job rundeck devops et savoir comment s'en servir.,"Votre avis sur l'offre de service devops Kube accès à l'offre de service et à sa documentation, facilité d'utilisation, qualité du support...",4,Ça change trop vite.....,"Votre avis sur l'outillage pour la sécurité les PES, analyzer, checkmarx, gitleaks,etc.",3,Un outillage qui ressemble plus à une supervision hiérarchique,"Votre avis sur l'offre de service d'observabilité monitor Elastic, Graphana, Glowroot, etc.",2,Une offre qui prend du temps à arriver...,"Votre avis sur l'animation du dev ? Séminaires du dev, devops ac, kata, dojo, retex, prestations Ippon, etc.",3,Non renseigné,Formation & support,5,Non renseigné,Votre avis global sur votre expérience de développeur à l'Insee,4,Non renseigné,Si vous aviez trois choses à améliorer ce serait,"'- Simplifier la gestion des failles de sécurité dans l'offre Kube.
- Moins de pression sur les corrections des failles de sécurité
- Plus de visibilité sur les changements infra à venir ou les montées de version à faire (Applishare, version Java, Tomcat, Vault ...) 
",Si vous deviez lister 3 points forts,"'- Aide / support
- disponibilité sur le canal Tchap
- Bienveillance. ",Depuis un an vous diriez :,Que votre expérience développeur est la même
Dans quel service développez-vous ?,SNDIN,"Votre avis sur l'offre d'outils pour le développement IDE, gitlab, CI/CD, podman, sonar, compas, oscar, etc.",4,Pas d'intellij (ide java),"Votre avis sur l'offre de service devops VM accès à l'offre de service et à sa documentation, facilité d'utilisation, qualité du support...",3,Certaines actions devops devraient prises en charger par l'équipe à l'ops,"Votre avis sur l'offre de service devops Kube accès à l'offre de service et à sa documentation, facilité d'utilisation, qualité du support...",3,Non renseigné,"Votre avis sur l'outillage pour la sécurité les PES, analyzer, checkmarx, gitleaks,etc.",3,Non renseigné,"Votre avis sur l'offre de service d'observabilité monitor Elastic, Graphana, Glowroot, etc.",3,Non renseigné,"Votre avis sur l'animation du dev ? Séminaires du dev, devops ac, kata, dojo, retex, prestations Ippon, etc.",Non renseigné,Non renseigné,Formation & support,Non renseigné,Non renseigné,Votre avis global sur votre expérience de développeur à l'Insee,Non renseigné,Non renseigné,Si vous aviez trois choses à améliorer ce serait,Non renseigné,Si vous deviez lister 3 points forts,Non renseigné,Depuis un an vous diriez :,Non renseigné
Dans quel service développez-vous ?,PGCOC,"Votre avis sur l'offre d'outils pour le développement IDE, gitlab, CI/CD, podman, sonar, compas, oscar, etc.",Non renseigné,Non renseigné,"Votre avis sur l'offre de service devops VM accès à l'offre de service et à sa documentation, facilité d'utilisation, qualité du support...",Non renseigné,Non renseigné,"Votre avis sur l'offre de service devops Kube accès à l'offre de service et à sa documentation, facilité d'utilisation, qualité du support...",Non renseigné,Non renseigné,"Votre avis sur l'outillage pour la sécurité les PES, analyzer, checkmarx, gitleaks,etc.",Non renseigné,Non renseigné,"Votre avis sur l'offre de service d'observabilité monitor Elastic, Graphana, Glowroot, etc.",Non renseigné,Non renseigné,"Votre avis sur l'animation du dev ? Séminaires du dev, devops ac, kata, dojo, retex, prestations Ippon, etc.",Non renseigné,Non renseigné,Formation & support,Non renseigné,Non renseigné,Votre avis global sur votre expérience de développeur à l'Insee,Non renseigné,Non renseigné,Si vous aviez trois choses à améliorer ce serait,Non renseigné,Si vous deviez lister 3 points forts,Non renseigné,Depuis un an vous diriez :,Non renseigné
Dans quel service développez-vous ?,SNDIP,"Votre avis sur l'offre d'outils pour le développement IDE, gitlab, CI/CD, podman, sonar, compas, oscar, etc.",4,"J'ai le sentiment d'avoir ce qu'il faut pour travailler. La raison pour laquelle je ne mets pas de 5ème étoile réside dans une inquiétude concernant Talend, pour lequel on doit garder un version ancienne de l'IDE sur N:/ pour pouvoir maintenir nos programmes. C'est une situation que je trouve précaire et pas optimale, surtout quand de nouveaux arrivants doivent l'installer - ce n'est jamais simple.","Votre avis sur l'offre de service devops VM accès à l'offre de service et à sa documentation, facilité d'utilisation, qualité du support...",4,L'offre de service satisfait toutes mes demandes et le support est réactif. J'ai parfois du mal à naviguer dans la documentation.,"Votre avis sur l'offre de service devops Kube accès à l'offre de service et à sa documentation, facilité d'utilisation, qualité du support...",Non renseigné,Non renseigné,"Votre avis sur l'outillage pour la sécurité les PES, analyzer, checkmarx, gitleaks,etc.",5,Non renseigné,"Votre avis sur l'offre de service d'observabilité monitor Elastic, Graphana, Glowroot, etc.",Non renseigné,Non renseigné,"Votre avis sur l'animation du dev ? Séminaires du dev, devops ac, kata, dojo, retex, prestations Ippon, etc.",5,Non renseigné,Formation & support,5,Non renseigné,Votre avis global sur votre expérience de développeur à l'Insee,5,"La solidarité, la rigueur, l'envie de mieux faire, la stack technique commune et claire, tout ça fait que mon expérience de développeur à l'Insee me paraît excellente.",Si vous aviez trois choses à améliorer ce serait,"'- l'installation du poste de travail : s'il était possible de pouvoir installer et configurer tous les logiciels nécessaire à un.e nouvel.le arrivant.e en un seul mouvement, ce serait un vrai plus",Si vous deviez lister 3 points forts,"'- l'offre de formation
- la communication au sein de la DSI : entre les équipes ainsi que de la part de la hiérarchie
- la modernité de l'environnement techniques (les outils, les langages, les frameworks...) - malgré l'existence de vieux projets",Depuis un an vous diriez :,Que votre expérience développeur s'est améliorée
Dans quel service développez-vous ?,SNDIN,"Votre avis sur l'offre d'outils pour le développement IDE, gitlab, CI/CD, podman, sonar, compas, oscar, etc.",1,Manque Intellij Ultimate pour travailler dans des conditions acceptables et alignées avec l'exigence qu'on nous impose et que l'on s'impose. Vscode avec 200 plugins fait toujours moins bien.,"Votre avis sur l'offre de service devops VM accès à l'offre de service et à sa documentation, facilité d'utilisation, qualité du support...",3,Je ne connais pas cette offre,"Votre avis sur l'offre de service devops Kube accès à l'offre de service et à sa documentation, facilité d'utilisation, qualité du support...",3,Non renseigné,"Votre avis sur l'outillage pour la sécurité les PES, analyzer, checkmarx, gitleaks,etc.",3,Non renseigné,"Votre avis sur l'offre de service d'observabilité monitor Elastic, Graphana, Glowroot, etc.",3,Non renseigné,"Votre avis sur l'animation du dev ? Séminaires du dev, devops ac, kata, dojo, retex, prestations Ippon, etc.",2,"Insuffisant sur le devops, alors qu'il y a des carences (par ex impossible de trouver une doc sur les sites des equipes sur comment changer un certificat)",Formation & support,1,Experience tres inegale avec m2i : des bonnes formations ou certaines catastrophiques,Votre avis global sur votre expérience de développeur à l'Insee,2,"Actuellement médiocre. La manière dont la Dsi a implémenté le devops genere des problemes et des frustrations énormes. 
Le devops devait nous faciliter le flux de travail : c'est l'inverse
Le manque d'écoute et le mépris recu de la part des pontes de la dsi est dommage",Si vous aviez trois choses à améliorer ce serait,"'- Fournir Intellij Ultimate
- Revoir de fond en comble l'organisation et doctrine devops de l'Insee
- Moins d'idéologie, plus de bon sens paysan",Si vous deviez lister 3 points forts,"'- Les collègues de bonne volonté et soucieux de rendre service
- Une traction pour utiliser les outils de pointes (argo, kube, nexus, etc... donc incompréhensible de pas avoir l'ide intellij ultimate...) 
- ",Depuis un an vous diriez :,Que votre expérience développeur s'est dégradée
Dans quel service développez-vous ?,SNDIO,"Votre avis sur l'offre d'outils pour le développement IDE, gitlab, CI/CD, podman, sonar, compas, oscar, etc.",4,Non renseigné,"Votre avis sur l'offre de service devops VM accès à l'offre de service et à sa documentation, facilité d'utilisation, qualité du support...",4,Non renseigné,"Votre avis sur l'offre de service devops Kube accès à l'offre de service et à sa documentation, facilité d'utilisation, qualité du support...",4,Non renseigné,"Votre avis sur l'outillage pour la sécurité les PES, analyzer, checkmarx, gitleaks,etc.",5,Non renseigné,"Votre avis sur l'offre de service d'observabilité monitor Elastic, Graphana, Glowroot, etc.",3,Non renseigné,"Votre avis sur l'animation du dev ? Séminaires du dev, devops ac, kata, dojo, retex, prestations Ippon, etc.",4,Non renseigné,Formation & support,4,Non renseigné,Votre avis global sur votre expérience de développeur à l'Insee,5,Non renseigné,Si vous aviez trois choses à améliorer ce serait,Non renseigné,Si vous deviez lister 3 points forts,"L'écoute
la collaboration
L’amélioration continue ",Depuis un an vous diriez :,Que votre expérience développeur s'est améliorée
Dans quel service développez-vous ?,SNDIL,"Votre avis sur l'offre d'outils pour le développement IDE, gitlab, CI/CD, podman, sonar, compas, oscar, etc.",4,Non renseigné,"Votre avis sur l'offre de service devops VM accès à l'offre de service et à sa documentation, facilité d'utilisation, qualité du support...",3,Non renseigné,"Votre avis sur l'offre de service devops Kube accès à l'offre de service et à sa documentation, facilité d'utilisation, qualité du support...",Non renseigné,Non renseigné,"Votre avis sur l'outillage pour la sécurité les PES, analyzer, checkmarx, gitleaks,etc.",Non renseigné,Non renseigné,"Votre avis sur l'offre de service d'observabilité monitor Elastic, Graphana, Glowroot, etc.",Non renseigné,Non renseigné,"Votre avis sur l'animation du dev ? Séminaires du dev, devops ac, kata, dojo, retex, prestations Ippon, etc.",Non renseigné,Non renseigné,Formation & support,Non renseigné,Non renseigné,Votre avis global sur votre expérience de développeur à l'Insee,Non renseigné,Non renseigné,Si vous aviez trois choses à améliorer ce serait,Non renseigné,Si vous deviez lister 3 points forts,Non renseigné,Depuis un an vous diriez :,Non renseigné
Dans quel service développez-vous ?,PGCOC,"Votre avis sur l'offre d'outils pour le développement IDE, gitlab, CI/CD, podman, sonar, compas, oscar, etc.",4,Non renseigné,"Votre avis sur l'offre de service devops VM accès à l'offre de service et à sa documentation, facilité d'utilisation, qualité du support...",3,Non renseigné,"Votre avis sur l'offre de service devops Kube accès à l'offre de service et à sa documentation, facilité d'utilisation, qualité du support...",2,Non renseigné,"Votre avis sur l'outillage pour la sécurité les PES, analyzer, checkmarx, gitleaks,etc.",4,Non renseigné,"Votre avis sur l'offre de service d'observabilité monitor Elastic, Graphana, Glowroot, etc.",Non renseigné,Non renseigné,"Votre avis sur l'animation du dev ? Séminaires du dev, devops ac, kata, dojo, retex, prestations Ippon, etc.",Non renseigné,Non renseigné,Formation & support,Non renseigné,Non renseigné,Votre avis global sur votre expérience de développeur à l'Insee,Non renseigné,Non renseigné,Si vous aviez trois choses à améliorer ce serait,Non renseigné,Si vous deviez lister 3 points forts,Non renseigné,Depuis un an vous diriez :,Non renseigné
Dans quel service développez-vous ?,SNDIL,"Votre avis sur l'offre d'outils pour le développement IDE, gitlab, CI/CD, podman, sonar, compas, oscar, etc.",4,Non renseigné,"Votre avis sur l'offre de service devops VM accès à l'offre de service et à sa documentation, facilité d'utilisation, qualité du support...",Non renseigné,Non renseigné,"Votre avis sur l'offre de service devops Kube accès à l'offre de service et à sa documentation, facilité d'utilisation, qualité du support...",5,Non renseigné,"Votre avis sur l'outillage pour la sécurité les PES, analyzer, checkmarx, gitleaks,etc.",2,Peu documenté,"Votre avis sur l'offre de service d'observabilité monitor Elastic, Graphana, Glowroot, etc.",1,Toujours pas d'offre pour kube...,"Votre avis sur l'animation du dev ? Séminaires du dev, devops ac, kata, dojo, retex, prestations Ippon, etc.",1,"Animation qui semble éteinte, des initiative locales comblent un peu ce manque",Formation & support,2,Non renseigné,Votre avis global sur votre expérience de développeur à l'Insee,2,Non renseigné,Si vous aviez trois choses à améliorer ce serait,"'- vitesse d'execution
- linux
- liberté d'installation de logiciel de dev
",Si vous deviez lister 3 points forts,Communauté locale sympathique,Depuis un an vous diriez :,Que votre expérience développeur s'est améliorée
Dans quel service développez-vous ?,PGCOC,"Votre avis sur l'offre d'outils pour le développement IDE, gitlab, CI/CD, podman, sonar, compas, oscar, etc.",Non renseigné,Non renseigné,"Votre avis sur l'offre de service devops VM accès à l'offre de service et à sa documentation, facilité d'utilisation, qualité du support...",Non renseigné,Non renseigné,"Votre avis sur l'offre de service devops Kube accès à l'offre de service et à sa documentation, facilité d'utilisation, qualité du support...",Non renseigné,Non renseigné,"Votre avis sur l'outillage pour la sécurité les PES, analyzer, checkmarx, gitleaks,etc.",Non renseigné,Non renseigné,"Votre avis sur l'offre de service d'observabilité monitor Elastic, Graphana, Glowroot, etc.",Non renseigné,Non renseigné,"Votre avis sur l'animation du dev ? Séminaires du dev, devops ac, kata, dojo, retex, prestations Ippon, etc.",Non renseigné,Non renseigné,Formation & support,Non renseigné,Non renseigné,Votre avis global sur votre expérience de développeur à l'Insee,Non renseigné,Non renseigné,Si vous aviez trois choses à améliorer ce serait,Non renseigné,Si vous deviez lister 3 points forts,Non renseigné,Depuis un an vous diriez :,Non renseigné
Dans quel service développez-vous ?,PGCOC,"Votre avis sur l'offre d'outils pour le développement IDE, gitlab, CI/CD, podman, sonar, compas, oscar, etc.",Non renseigné,Non renseigné,"Votre avis sur l'offre de service devops VM accès à l'offre de service et à sa documentation, facilité d'utilisation, qualité du support...",Non renseigné,Non renseigné,"Votre avis sur l'offre de service devops Kube accès à l'offre de service et à sa documentation, facilité d'utilisation, qualité du support...",Non renseigné,Non renseigné,"Votre avis sur l'outillage pour la sécurité les PES, analyzer, checkmarx, gitleaks,etc.",Non renseigné,Non renseigné,"Votre avis sur l'offre de service d'observabilité monitor Elastic, Graphana, Glowroot, etc.",Non renseigné,Non renseigné,"Votre avis sur l'animation du dev ? Séminaires du dev, devops ac, kata, dojo, retex, prestations Ippon, etc.",Non renseigné,Non renseigné,Formation & support,Non renseigné,Non renseigné,Votre avis global sur votre expérience de développeur à l'Insee,Non renseigné,Non renseigné,Si vous aviez trois choses à améliorer ce serait,Non renseigné,Si vous deviez lister 3 points forts,Non renseigné,Depuis un an vous diriez :,Non renseigné
Dans quel service développez-vous ?,SNDIN,"Votre avis sur l'offre d'outils pour le développement IDE, gitlab, CI/CD, podman, sonar, compas, oscar, etc.",3,Non renseigné,"Votre avis sur l'offre de service devops VM accès à l'offre de service et à sa documentation, facilité d'utilisation, qualité du support...",Non renseigné,Non renseigné,"Votre avis sur l'offre de service devops Kube accès à l'offre de service et à sa documentation, facilité d'utilisation, qualité du support...",3,Non renseigné,"Votre avis sur l'outillage pour la sécurité les PES, analyzer, checkmarx, gitleaks,etc.",Non renseigné,Non renseigné,"Votre avis sur l'offre de service d'observabilité monitor Elastic, Graphana, Glowroot, etc.",2,Non renseigné,"Votre avis sur l'animation du dev ? Séminaires du dev, devops ac, kata, dojo, retex, prestations Ippon, etc.",Non renseigné,Non renseigné,Formation & support,3,Non renseigné,Votre avis global sur votre expérience de développeur à l'Insee,3,Non renseigné,Si vous aviez trois choses à améliorer ce serait,Non renseigné,Si vous deviez lister 3 points forts,Non renseigné,Depuis un an vous diriez :,Que votre expérience développeur est la même
Dans quel service développez-vous ?,Non renseigné,"Votre avis sur l'offre d'outils pour le développement IDE, gitlab, CI/CD, podman, sonar, compas, oscar, etc.",Non renseigné,Non renseigné,"Votre avis sur l'offre de service devops VM accès à l'offre de service et à sa documentation, facilité d'utilisation, qualité du support...",Non renseigné,Non renseigné,"Votre avis sur l'offre de service devops Kube accès à l'offre de service et à sa documentation, facilité d'utilisation, qualité du support...",Non renseigné,Non renseigné,"Votre avis sur l'outillage pour la sécurité les PES, analyzer, checkmarx, gitleaks,etc.",Non renseigné,Non renseigné,"Votre avis sur l'offre de service d'observabilité monitor Elastic, Graphana, Glowroot, etc.",Non renseigné,Non renseigné,"Votre avis sur l'animation du dev ? Séminaires du dev, devops ac, kata, dojo, retex, prestations Ippon, etc.",Non renseigné,Non renseigné,Formation & support,Non renseigné,Non renseigné,Votre avis global sur votre expérience de développeur à l'Insee,Non renseigné,Non renseigné,Si vous aviez trois choses à améliorer ce serait,Non renseigné,Si vous deviez lister 3 points forts,Non renseigné,Depuis un an vous diriez :,Non renseigné
Dans quel service développez-vous ?,Non renseigné,"Votre avis sur l'offre d'outils pour le développement IDE, gitlab, CI/CD, podman, sonar, compas, oscar, etc.",Non renseigné,Non renseigné,"Votre avis sur l'offre de service devops VM accès à l'offre de service et à sa documentation, facilité d'utilisation, qualité du support...",Non renseigné,Non renseigné,"Votre avis sur l'offre de service devops Kube accès à l'offre de service et à sa documentation, facilité d'utilisation, qualité du support...",Non renseigné,Non renseigné,"Votre avis sur l'outillage pour la sécurité les PES, analyzer, checkmarx, gitleaks,etc.",Non renseigné,Non renseigné,"Votre avis sur l'offre de service d'observabilité monitor Elastic, Graphana, Glowroot, etc.",Non renseigné,Non renseigné,"Votre avis sur l'animation du dev ? Séminaires du dev, devops ac, kata, dojo, retex, prestations Ippon, etc.",Non renseigné,Non renseigné,Formation & support,Non renseigné,Non renseigné,Votre avis global sur votre expérience de développeur à l'Insee,Non renseigné,Non renseigné,Si vous aviez trois choses à améliorer ce serait,Non renseigné,Si vous deviez lister 3 points forts,Non renseigné,Depuis un an vous diriez :,Non renseigné
Dans quel service développez-vous ?,SNDIL,"Votre avis sur l'offre d'outils pour le développement IDE, gitlab, CI/CD, podman, sonar, compas, oscar, etc.",5,Non renseigné,"Votre avis sur l'offre de service devops VM accès à l'offre de service et à sa documentation, facilité d'utilisation, qualité du support...",3,Non renseigné,"Votre avis sur l'offre de service devops Kube accès à l'offre de service et à sa documentation, facilité d'utilisation, qualité du support...",Non renseigné,Non renseigné,"Votre avis sur l'outillage pour la sécurité les PES, analyzer, checkmarx, gitleaks,etc.",4,Non renseigné,"Votre avis sur l'offre de service d'observabilité monitor Elastic, Graphana, Glowroot, etc.",Non renseigné,Non renseigné,"Votre avis sur l'animation du dev ? Séminaires du dev, devops ac, kata, dojo, retex, prestations Ippon, etc.",3,Non renseigné,Formation & support,3,Non renseigné,Votre avis global sur votre expérience de développeur à l'Insee,3,Non renseigné,Si vous aviez trois choses à améliorer ce serait,Non renseigné,Si vous deviez lister 3 points forts,Non renseigné,Depuis un an vous diriez :,Que votre expérience développeur s'est améliorée
Dans quel service développez-vous ?,SNDIO,"Votre avis sur l'offre d'outils pour le développement IDE, gitlab, CI/CD, podman, sonar, compas, oscar, etc.",4,Non renseigné,"Votre avis sur l'offre de service devops VM accès à l'offre de service et à sa documentation, facilité d'utilisation, qualité du support...",4,Non renseigné,"Votre avis sur l'offre de service devops Kube accès à l'offre de service et à sa documentation, facilité d'utilisation, qualité du support...",Non renseigné,Non renseigné,"Votre avis sur l'outillage pour la sécurité les PES, analyzer, checkmarx, gitleaks,etc.",4,Non renseigné,"Votre avis sur l'offre de service d'observabilité monitor Elastic, Graphana, Glowroot, etc.",Non renseigné,Non renseigné,"Votre avis sur l'animation du dev ? Séminaires du dev, devops ac, kata, dojo, retex, prestations Ippon, etc.",3,Non renseigné,Formation & support,4,Non renseigné,Votre avis global sur votre expérience de développeur à l'Insee,3,Non renseigné,Si vous aviez trois choses à améliorer ce serait,Non renseigné,Si vous deviez lister 3 points forts,Non renseigné,Depuis un an vous diriez :,Non renseigné
Dans quel service développez-vous ?,SNDIL,"Votre avis sur l'offre d'outils pour le développement IDE, gitlab, CI/CD, podman, sonar, compas, oscar, etc.",3,Non renseigné,"Votre avis sur l'offre de service devops VM accès à l'offre de service et à sa documentation, facilité d'utilisation, qualité du support...",3,Non renseigné,"Votre avis sur l'offre de service devops Kube accès à l'offre de service et à sa documentation, facilité d'utilisation, qualité du support...",4,Non renseigné,"Votre avis sur l'outillage pour la sécurité les PES, analyzer, checkmarx, gitleaks,etc.",3,Non renseigné,"Votre avis sur l'offre de service d'observabilité monitor Elastic, Graphana, Glowroot, etc.",4,Non renseigné,"Votre avis sur l'animation du dev ? Séminaires du dev, devops ac, kata, dojo, retex, prestations Ippon, etc.",2,Non renseigné,Formation & support,2,Non renseigné,Votre avis global sur votre expérience de développeur à l'Insee,3,Non renseigné,Si vous aviez trois choses à améliorer ce serait,Non renseigné,Si vous deviez lister 3 points forts,Non renseigné,Depuis un an vous diriez :,Que votre expérience développeur est la même
Dans quel service développez-vous ?,SNDIP,"Votre avis sur l'offre d'outils pour le développement IDE, gitlab, CI/CD, podman, sonar, compas, oscar, etc.",4,Non renseigné,"Votre avis sur l'offre de service devops VM accès à l'offre de service et à sa documentation, facilité d'utilisation, qualité du support...",4,Non renseigné,"Votre avis sur l'offre de service devops Kube accès à l'offre de service et à sa documentation, facilité d'utilisation, qualité du support...",4,Non renseigné,"Votre avis sur l'outillage pour la sécurité les PES, analyzer, checkmarx, gitleaks,etc.",4,Non renseigné,"Votre avis sur l'offre de service d'observabilité monitor Elastic, Graphana, Glowroot, etc.",4,Non renseigné,"Votre avis sur l'animation du dev ? Séminaires du dev, devops ac, kata, dojo, retex, prestations Ippon, etc.",5,Non renseigné,Formation & support,4,Non renseigné,Votre avis global sur votre expérience de développeur à l'Insee,5,Non renseigné,Si vous aviez trois choses à améliorer ce serait,Fin du turnover permanent (info + métier),Si vous deviez lister 3 points forts,Facilité d'aller voir les collègues,Depuis un an vous diriez :,Que votre expérience développeur s'est améliorée
Dans quel service développez-vous ?,Non renseigné,"Votre avis sur l'offre d'outils pour le développement IDE, gitlab, CI/CD, podman, sonar, compas, oscar, etc.",Non renseigné,Non renseigné,"Votre avis sur l'offre de service devops VM accès à l'offre de service et à sa documentation, facilité d'utilisation, qualité du support...",Non renseigné,Non renseigné,"Votre avis sur l'offre de service devops Kube accès à l'offre de service et à sa documentation, facilité d'utilisation, qualité du support...",Non renseigné,Non renseigné,"Votre avis sur l'outillage pour la sécurité les PES, analyzer, checkmarx, gitleaks,etc.",Non renseigné,Non renseigné,"Votre avis sur l'offre de service d'observabilité monitor Elastic, Graphana, Glowroot, etc.",Non renseigné,Non renseigné,"Votre avis sur l'animation du dev ? Séminaires du dev, devops ac, kata, dojo, retex, prestations Ippon, etc.",Non renseigné,Non renseigné,Formation & support,Non renseigné,Non renseigné,Votre avis global sur votre expérience de développeur à l'Insee,Non renseigné,Non renseigné,Si vous aviez trois choses à améliorer ce serait,Non renseigné,Si vous deviez lister 3 points forts,Non renseigné,Depuis un an vous diriez :,Non renseigné
Dans quel service développez-vous ?,SNDIN,"Votre avis sur l'offre d'outils pour le développement IDE, gitlab, CI/CD, podman, sonar, compas, oscar, etc.",5,Non renseigné,"Votre avis sur l'offre de service devops VM accès à l'offre de service et à sa documentation, facilité d'utilisation, qualité du support...",3,Non renseigné,"Votre avis sur l'offre de service devops Kube accès à l'offre de service et à sa documentation, facilité d'utilisation, qualité du support...",4,Non renseigné,"Votre avis sur l'outillage pour la sécurité les PES, analyzer, checkmarx, gitleaks,etc.",4,Non renseigné,"Votre avis sur l'offre de service d'observabilité monitor Elastic, Graphana, Glowroot, etc.",Non renseigné,Non renseigné,"Votre avis sur l'animation du dev ? Séminaires du dev, devops ac, kata, dojo, retex, prestations Ippon, etc.",4,Non renseigné,Formation & support,5,Non renseigné,Votre avis global sur votre expérience de développeur à l'Insee,4,Non renseigné,Si vous aviez trois choses à améliorer ce serait,"'- Rendre l'offre de la production et ses évolutions plus lisible et plus harmonisée.
- Gagner en efficacité en mutualisant encore davantage ce qui peut l'être entre les équipes de développement.
- Donner aux équipes des objectifs transverses motivants et assurer leur suivi via les métriques adaptées.",Si vous deviez lister 3 points forts,"'- Un outillage plutôt bon.
- L'entraide qui fonctionne bien.
- Une offre de formation interne assez riche.",Depuis un an vous diriez :,Que votre expérience développeur est la même
Dans quel service développez-vous ?,SNDIN,"Votre avis sur l'offre d'outils pour le développement IDE, gitlab, CI/CD, podman, sonar, compas, oscar, etc.",5,Non renseigné,"Votre avis sur l'offre de service devops VM accès à l'offre de service et à sa documentation, facilité d'utilisation, qualité du support...",Non renseigné,Non renseigné,"Votre avis sur l'offre de service devops Kube accès à l'offre de service et à sa documentation, facilité d'utilisation, qualité du support...",Non renseigné,Non renseigné,"Votre avis sur l'outillage pour la sécurité les PES, analyzer, checkmarx, gitleaks,etc.",Non renseigné,Non renseigné,"Votre avis sur l'offre de service d'observabilité monitor Elastic, Graphana, Glowroot, etc.",Non renseigné,Non renseigné,"Votre avis sur l'animation du dev ? Séminaires du dev, devops ac, kata, dojo, retex, prestations Ippon, etc.",Non renseigné,Non renseigné,Formation & support,Non renseigné,Non renseigné,Votre avis global sur votre expérience de développeur à l'Insee,Non renseigné,Non renseigné,Si vous aviez trois choses à améliorer ce serait,Non renseigné,Si vous deviez lister 3 points forts,Non renseigné,Depuis un an vous diriez :,Non renseigné
Dans quel service développez-vous ?,SNDIN,"Votre avis sur l'offre d'outils pour le développement IDE, gitlab, CI/CD, podman, sonar, compas, oscar, etc.",2,Non renseigné,"Votre avis sur l'offre de service devops VM accès à l'offre de service et à sa documentation, facilité d'utilisation, qualité du support...",1,Non renseigné,"Votre avis sur l'offre de service devops Kube accès à l'offre de service et à sa documentation, facilité d'utilisation, qualité du support...",4,Non renseigné,"Votre avis sur l'outillage pour la sécurité les PES, analyzer, checkmarx, gitleaks,etc.",2,Non renseigné,"Votre avis sur l'offre de service d'observabilité monitor Elastic, Graphana, Glowroot, etc.",3,Non renseigné,"Votre avis sur l'animation du dev ? Séminaires du dev, devops ac, kata, dojo, retex, prestations Ippon, etc.",1,Non renseigné,Formation & support,1,Non renseigné,Votre avis global sur votre expérience de développeur à l'Insee,2,Non renseigné,Si vous aviez trois choses à améliorer ce serait,"Formation adaptée à nos usages par des formateurs de qualité lorsque l'on prend des extérieurs
Animation régulière du développement sur des sujets du quotidien
Un séminaire de développement où l'on a des sujets de développement, du code, live coding, atelier développement comme c'était le cas il y a quelques années
",Si vous deviez lister 3 points forts,"Le Gitlab Insee, le cluster kubernetes interne (KubeDev) permettant de bien expérimenter et la stabilité dans le choix des technologies de développement",Depuis un an vous diriez :,Que votre expérience développeur est la même
Dans quel service développez-vous ?,SNDIN,"Votre avis sur l'offre d'outils pour le développement IDE, gitlab, CI/CD, podman, sonar, compas, oscar, etc.",3,"Beaucoup de gênes avec l'utilisation des proxy et des certificats internes. Voire des incohérences. Gitlab est par exemple signé avec un certificat Certigna, cependant, les registry gitlab sont signés avec un certificat interne. Il est nécessaire d'inclure l'AC dans Podman pour pouvoir pull une image Docker de Gitlab. S'ajoute à cela la gestion du proxy, ajoutant une complexité importante pour déboguer.","Votre avis sur l'offre de service devops VM accès à l'offre de service et à sa documentation, facilité d'utilisation, qualité du support...",Non renseigné,Non renseigné,"Votre avis sur l'offre de service devops Kube accès à l'offre de service et à sa documentation, facilité d'utilisation, qualité du support...",4,Non renseigné,"Votre avis sur l'outillage pour la sécurité les PES, analyzer, checkmarx, gitleaks,etc.",4,Non renseigné,"Votre avis sur l'offre de service d'observabilité monitor Elastic, Graphana, Glowroot, etc.",3,Non renseigné,"Votre avis sur l'animation du dev ? Séminaires du dev, devops ac, kata, dojo, retex, prestations Ippon, etc.",5,Non renseigné,Formation & support,4,Non renseigné,Votre avis global sur votre expérience de développeur à l'Insee,4,Non renseigné,Si vous aviez trois choses à améliorer ce serait,"'- gestion des proxy
- risque d'attaque par supply chain (nouveauté de l'OWASP TOP 10 2025) : nexus est-ce une solution viable ?
- investissement dans une offre PdT GNU/Linux avec une bonne expérience utilisateur (messagerie, impression, VPN, outils proposés à l'Insee – comme Zed! – …)",Si vous deviez lister 3 points forts,"'- offre d'outils de développement
- possibilité d'utiliser des IA par chat (pour du non confidentiel, ou après anonymisation)
- possibilité d'avoir de l'aide sur des sujets précis via des presta",Depuis un an vous diriez :,Que votre expérience développeur est la même
Dans quel service développez-vous ?,SNDIN,"Votre avis sur l'offre d'outils pour le développement IDE, gitlab, CI/CD, podman, sonar, compas, oscar, etc.",5,Manque poste Linux mais c'est pour bientôt ;-p,"Votre avis sur l'offre de service devops VM accès à l'offre de service et à sa documentation, facilité d'utilisation, qualité du support...",4,"Offre riche, mais pas toujours simple à utiliser. La doc n'est pas toujours facile à trouver, mais le portail DPII a bien amélioré les choses.
L'aide via tchap est plutôt efficace globalement même si on se perd dans la multitude des salons...","Votre avis sur l'offre de service devops Kube accès à l'offre de service et à sa documentation, facilité d'utilisation, qualité du support...",5,Très grande qualité du service et de la documentation.,"Votre avis sur l'outillage pour la sécurité les PES, analyzer, checkmarx, gitleaks,etc.",4,Non renseigné,"Votre avis sur l'offre de service d'observabilité monitor Elastic, Graphana, Glowroot, etc.",4,"Ça avance, et ça devient plus clair et pratique.","Votre avis sur l'animation du dev ? Séminaires du dev, devops ac, kata, dojo, retex, prestations Ippon, etc.",3,"Devops ac très bien. 
Séminaire du dév aussi.",Formation & support,5,Non renseigné,Votre avis global sur votre expérience de développeur à l'Insee,4,Non renseigné,Si vous aviez trois choses à améliorer ce serait,Non renseigné,Si vous deviez lister 3 points forts,Non renseigné,Depuis un an vous diriez :,Que votre expérience développeur est la même
Dans quel service développez-vous ?,Non renseigné,"Votre avis sur l'offre d'outils pour le développement IDE, gitlab, CI/CD, podman, sonar, compas, oscar, etc.",Non renseigné,Non renseigné,"Votre avis sur l'offre de service devops VM accès à l'offre de service et à sa documentation, facilité d'utilisation, qualité du support...",Non renseigné,Non renseigné,"Votre avis sur l'offre de service devops Kube accès à l'offre de service et à sa documentation, facilité d'utilisation, qualité du support...",Non renseigné,Non renseigné,"Votre avis sur l'outillage pour la sécurité les PES, analyzer, checkmarx, gitleaks,etc.",Non renseigné,Non renseigné,"Votre avis sur l'offre de service d'observabilité monitor Elastic, Graphana, Glowroot, etc.",Non renseigné,Non renseigné,"Votre avis sur l'animation du dev ? Séminaires du dev, devops ac, kata, dojo, retex, prestations Ippon, etc.",Non renseigné,Non renseigné,Formation & support,Non renseigné,Non renseigné,Votre avis global sur votre expérience de développeur à l'Insee,Non renseigné,Non renseigné,Si vous aviez trois choses à améliorer ce serait,Non renseigné,Si vous deviez lister 3 points forts,Non renseigné,Depuis un an vous diriez :,Non renseigné
Dans quel service développez-vous ?,SNDIN,"Votre avis sur l'offre d'outils pour le développement IDE, gitlab, CI/CD, podman, sonar, compas, oscar, etc.",Non renseigné,Non renseigné,"Votre avis sur l'offre de service devops VM accès à l'offre de service et à sa documentation, facilité d'utilisation, qualité du support...",Non renseigné,Non renseigné,"Votre avis sur l'offre de service devops Kube accès à l'offre de service et à sa documentation, facilité d'utilisation, qualité du support...",Non renseigné,Non renseigné,"Votre avis sur l'outillage pour la sécurité les PES, analyzer, checkmarx, gitleaks,etc.",Non renseigné,Non renseigné,"Votre avis sur l'offre de service d'observabilité monitor Elastic, Graphana, Glowroot, etc.",Non renseigné,Non renseigné,"Votre avis sur l'animation du dev ? Séminaires du dev, devops ac, kata, dojo, retex, prestations Ippon, etc.",Non renseigné,Non renseigné,Formation & support,Non renseigné,Non renseigné,Votre avis global sur votre expérience de développeur à l'Insee,Non renseigné,Non renseigné,Si vous aviez trois choses à améliorer ce serait,Non renseigné,Si vous deviez lister 3 points forts,Non renseigné,Depuis un an vous diriez :,Non renseigné
Dans quel service développez-vous ?,SNDIP,"Votre avis sur l'offre d'outils pour le développement IDE, gitlab, CI/CD, podman, sonar, compas, oscar, etc.",4,Non renseigné,"Votre avis sur l'offre de service devops VM accès à l'offre de service et à sa documentation, facilité d'utilisation, qualité du support...",4,Non renseigné,"Votre avis sur l'offre de service devops Kube accès à l'offre de service et à sa documentation, facilité d'utilisation, qualité du support...",5,Non renseigné,"Votre avis sur l'outillage pour la sécurité les PES, analyzer, checkmarx, gitleaks,etc.",4,Non renseigné,"Votre avis sur l'offre de service d'observabilité monitor Elastic, Graphana, Glowroot, etc.",3,Non renseigné,"Votre avis sur l'animation du dev ? Séminaires du dev, devops ac, kata, dojo, retex, prestations Ippon, etc.",4,Non renseigné,Formation & support,4,Non renseigné,Votre avis global sur votre expérience de développeur à l'Insee,5,Non renseigné,Si vous aviez trois choses à améliorer ce serait,Non renseigné,Si vous deviez lister 3 points forts,Non renseigné,Depuis un an vous diriez :,Que votre expérience développeur s'est améliorée
Dans quel service développez-vous ?,SNDIL,"Votre avis sur l'offre d'outils pour le développement IDE, gitlab, CI/CD, podman, sonar, compas, oscar, etc.",4,Non renseigné,"Votre avis sur l'offre de service devops VM accès à l'offre de service et à sa documentation, facilité d'utilisation, qualité du support...",3,Non renseigné,"Votre avis sur l'offre de service devops Kube accès à l'offre de service et à sa documentation, facilité d'utilisation, qualité du support...",5,Non renseigné,"Votre avis sur l'outillage pour la sécurité les PES, analyzer, checkmarx, gitleaks,etc.",4,Non renseigné,"Votre avis sur l'offre de service d'observabilité monitor Elastic, Graphana, Glowroot, etc.",4,Non renseigné,"Votre avis sur l'animation du dev ? Séminaires du dev, devops ac, kata, dojo, retex, prestations Ippon, etc.",4,Non renseigné,Formation & support,4,Non renseigné,Votre avis global sur votre expérience de développeur à l'Insee,4,Non renseigné,Si vous aviez trois choses à améliorer ce serait,Non renseigné,Si vous deviez lister 3 points forts,"la communauté de développeurs, l'entraide, les formations",Depuis un an vous diriez :,Que votre expérience développeur s'est améliorée
Dans quel service développez-vous ?,SNDIP,"Votre avis sur l'offre d'outils pour le développement IDE, gitlab, CI/CD, podman, sonar, compas, oscar, etc.",4,Non renseigné,"Votre avis sur l'offre de service devops VM accès à l'offre de service et à sa documentation, facilité d'utilisation, qualité du support...",4,Non renseigné,"Votre avis sur l'offre de service devops Kube accès à l'offre de service et à sa documentation, facilité d'utilisation, qualité du support...",5,Non renseigné,"Votre avis sur l'outillage pour la sécurité les PES, analyzer, checkmarx, gitleaks,etc.",4,Non renseigné,"Votre avis sur l'offre de service d'observabilité monitor Elastic, Graphana, Glowroot, etc.",4,Non renseigné,"Votre avis sur l'animation du dev ? Séminaires du dev, devops ac, kata, dojo, retex, prestations Ippon, etc.",5,Non renseigné,Formation & support,5,Non renseigné,Votre avis global sur votre expérience de développeur à l'Insee,5,"expérience très confortable dans l'ensemble , mais le serai plus avec un poste linux.",Si vous aviez trois choses à améliorer ce serait,"windows => linux 
tuleap => autres outis de ticket
",Si vous deviez lister 3 points forts,"les formations 
la CI/CD 
",Depuis un an vous diriez :,Que votre expérience développeur est la même
Dans quel service développez-vous ?,SNDIP,"Votre avis sur l'offre d'outils pour le développement IDE, gitlab, CI/CD, podman, sonar, compas, oscar, etc.",4,Non renseigné,"Votre avis sur l'offre de service devops VM accès à l'offre de service et à sa documentation, facilité d'utilisation, qualité du support...",4,Non renseigné,"Votre avis sur l'offre de service devops Kube accès à l'offre de service et à sa documentation, facilité d'utilisation, qualité du support...",4,Non renseigné,"Votre avis sur l'outillage pour la sécurité les PES, analyzer, checkmarx, gitleaks,etc.",4,Non renseigné,"Votre avis sur l'offre de service d'observabilité monitor Elastic, Graphana, Glowroot, etc.",4,Non renseigné,"Votre avis sur l'animation du dev ? Séminaires du dev, devops ac, kata, dojo, retex, prestations Ippon, etc.",4,Non renseigné,Formation & support,4,Non renseigné,Votre avis global sur votre expérience de développeur à l'Insee,4,Non renseigné,Si vous aviez trois choses à améliorer ce serait,Non renseigné,Si vous deviez lister 3 points forts,Non renseigné,Depuis un an vous diriez :,Que votre expérience développeur est la même
Dans quel service développez-vous ?,SNDIN,"Votre avis sur l'offre d'outils pour le développement IDE, gitlab, CI/CD, podman, sonar, compas, oscar, etc.",Non renseigné,Non renseigné,"Votre avis sur l'offre de service devops VM accès à l'offre de service et à sa documentation, facilité d'utilisation, qualité du support...",Non renseigné,Non renseigné,"Votre avis sur l'offre de service devops Kube accès à l'offre de service et à sa documentation, facilité d'utilisation, qualité du support...",Non renseigné,Non renseigné,"Votre avis sur l'outillage pour la sécurité les PES, analyzer, checkmarx, gitleaks,etc.",Non renseigné,Non renseigné,"Votre avis sur l'offre de service d'observabilité monitor Elastic, Graphana, Glowroot, etc.",Non renseigné,Non renseigné,"Votre avis sur l'animation du dev ? Séminaires du dev, devops ac, kata, dojo, retex, prestations Ippon, etc.",Non renseigné,Non renseigné,Formation & support,Non renseigné,Non renseigné,Votre avis global sur votre expérience de développeur à l'Insee,Non renseigné,Non renseigné,Si vous aviez trois choses à améliorer ce serait,Non renseigné,Si vous deviez lister 3 points forts,Non renseigné,Depuis un an vous diriez :,Non renseigné
Dans quel service développez-vous ?,SNDIN,"Votre avis sur l'offre d'outils pour le développement IDE, gitlab, CI/CD, podman, sonar, compas, oscar, etc.",3,"Le etc. montre que la liste est très longue, et le chemin d’apprentissage avec elle.","Votre avis sur l'offre de service devops VM accès à l'offre de service et à sa documentation, facilité d'utilisation, qualité du support...",4,De mieux en mieux me semble-t-il.,"Votre avis sur l'offre de service devops Kube accès à l'offre de service et à sa documentation, facilité d'utilisation, qualité du support...",4,De mieux en mieux également,"Votre avis sur l'outillage pour la sécurité les PES, analyzer, checkmarx, gitleaks,etc.",Non renseigné,Non renseigné,"Votre avis sur l'offre de service d'observabilité monitor Elastic, Graphana, Glowroot, etc.",Non renseigné,Non renseigné,"Votre avis sur l'animation du dev ? Séminaires du dev, devops ac, kata, dojo, retex, prestations Ippon, etc.",3,"Les propositions d’animation d’une part, les participations d’autre part dépendent de la flexibilité des agendas. Chapeau bas à Fabrice BIBONNE et Philippe CLÉMENT pour le temps qu’ils y consacrent malgré leurs autres activités. Il manque des renforts, même ponctuels sur tous ces sujets.",Formation & support,Non renseigné,Non renseigné,Votre avis global sur votre expérience de développeur à l'Insee,3,"L’organisation devops a raccourci les délais de mise à disposition de plateformes, mais elle a énormément complexifié le panorama, et rendu plus difficile la compréhension de tout cet éco-système, et le chemin vers l’autonomie. Est-il raisonnable de vouloir faire de chaque développeur un couteau suisse ? Est-ce qu’il ne faudrait pas afficher des spécialisations ? Cela aurait un impact sur les mobilités, pour ne pas fragiliser des équipes, et pourrait donc être un frein à certaines demandes de départ ou d’arrivée, mais a contrario, la somme des compétences d’une unité actuellement est-elle à un vrai optimum ?",Si vous aviez trois choses à améliorer ce serait,"Mieux penser les insertions dans les équipes, et construire des parcours de formation compatibles avec les besoins des équipes, les aspirations et compétences des agents, ceci dans une perspective de moyen terme. Quand un agent prend un poste dans un SNDI, il faudrait faire un bilan complémentaire de l’entretien pro annuel après un an d’exercice, et se projeter sur les années qui viennent. L’idée est d’anticiper le positionnement de l’agent à 3 ans de là, et de construire son parcours, à la fois dans l’insertion dans les travaux et dans le choix et la temporalité des formations à mettre en place. Il ne me semble pas que l’on ait des descriptions de postes avec des compétences détaillées et le parcours de formation associé pour les atteindre au bout de n mois / x années d’exercice.

Inciter les développeurs à consacrer du temps au collectif. Favoriser et reconnaître les travaux qui permettent de partager du savoir, de mettre en place de la documentation ou de l’outillage. Dégager du temps, officiellement, pour des travaux du type enseignant-chercheur, ou pour des travaux de R&D comme cela est le cas chez Google. Même si cela doit passer par une contractualisation du type « on vous accorde de passer 10 % de votre temps de travail sur tel sujet en échange de mise à disposition de tels livrables ».",Si vous deviez lister 3 points forts,"Le dynamisme de certains développeurs, dans chaque SNDI, leur effet moteur, leur envie.

L’ouverture globale des agents au changement, changements qui ne les ont pas épargnés ces dernières années.",Depuis un an vous diriez :,Que votre expérience développeur s'est améliorée
Dans quel service développez-vous ?,SNDIP,"Votre avis sur l'offre d'outils pour le développement IDE, gitlab, CI/CD, podman, sonar, compas, oscar, etc.",3,Non renseigné,"Votre avis sur l'offre de service devops VM accès à l'offre de service et à sa documentation, facilité d'utilisation, qualité du support...",3,Non renseigné,"Votre avis sur l'offre de service devops Kube accès à l'offre de service et à sa documentation, facilité d'utilisation, qualité du support...",4,Non renseigné,"Votre avis sur l'outillage pour la sécurité les PES, analyzer, checkmarx, gitleaks,etc.",3,Non renseigné,"Votre avis sur l'offre de service d'observabilité monitor Elastic, Graphana, Glowroot, etc.",3,Non renseigné,"Votre avis sur l'animation du dev ? Séminaires du dev, devops ac, kata, dojo, retex, prestations Ippon, etc.",4,Non renseigné,Formation & support,4,Non renseigné,Votre avis global sur votre expérience de développeur à l'Insee,3,Non renseigné,Si vous aviez trois choses à améliorer ce serait,"Suivre une même architecture pour un projet 
",Si vous deviez lister 3 points forts,"la communication 
la rapidité d'execution ",Depuis un an vous diriez :,Que votre expérience développeur est la même
Dans quel service développez-vous ?,SNDIN,"Votre avis sur l'offre d'outils pour le développement IDE, gitlab, CI/CD, podman, sonar, compas, oscar, etc.",3,Non renseigné,"Votre avis sur l'offre de service devops VM accès à l'offre de service et à sa documentation, facilité d'utilisation, qualité du support...",3,Non renseigné,"Votre avis sur l'offre de service devops Kube accès à l'offre de service et à sa documentation, facilité d'utilisation, qualité du support...",Non renseigné,Non renseigné,"Votre avis sur l'outillage pour la sécurité les PES, analyzer, checkmarx, gitleaks,etc.",Non renseigné,Non renseigné,"Votre avis sur l'offre de service d'observabilité monitor Elastic, Graphana, Glowroot, etc.",Non renseigné,Non renseigné,"Votre avis sur l'animation du dev ? Séminaires du dev, devops ac, kata, dojo, retex, prestations Ippon, etc.",Non renseigné,Non renseigné,Formation & support,Non renseigné,Non renseigné,Votre avis global sur votre expérience de développeur à l'Insee,Non renseigné,Non renseigné,Si vous aviez trois choses à améliorer ce serait,Non renseigné,Si vous deviez lister 3 points forts,Non renseigné,Depuis un an vous diriez :,Que votre expérience développeur est la même
Dans quel service développez-vous ?,SNDIP,"Votre avis sur l'offre d'outils pour le développement IDE, gitlab, CI/CD, podman, sonar, compas, oscar, etc.",4,Non renseigné,"Votre avis sur l'offre de service devops VM accès à l'offre de service et à sa documentation, facilité d'utilisation, qualité du support...",5,Non renseigné,"Votre avis sur l'offre de service devops Kube accès à l'offre de service et à sa documentation, facilité d'utilisation, qualité du support...",3,Non renseigné,"Votre avis sur l'outillage pour la sécurité les PES, analyzer, checkmarx, gitleaks,etc.",4,Non renseigné,"Votre avis sur l'offre de service d'observabilité monitor Elastic, Graphana, Glowroot, etc.",4,"Il y a beaucoup d'outils (trop ?) à maîtriser avec des modes d'authentification différents (idep/mdp, keycloak, etc.) et des IHM très différentes donc c'est parfois difficile de s'y retrouver","Votre avis sur l'animation du dev ? Séminaires du dev, devops ac, kata, dojo, retex, prestations Ippon, etc.",4,Non renseigné,Formation & support,3,Il manque encore une formation à Kube,Votre avis global sur votre expérience de développeur à l'Insee,4,Non renseigné,Si vous aviez trois choses à améliorer ce serait,"une documentation complète et unifiée permettant de savoir facilement quelle équipe du DPII contacter en cas de problème sur un outil (actuellement il faut le savoir avant)
",Si vous deviez lister 3 points forts,"la réactivité des équipes du DPII, la mise à disposition de nombreux outils pour gagner en autonomie (notamment les batchs communs au niveau rundeck)",Depuis un an vous diriez :,Que votre expérience développeur est la même
Dans quel service développez-vous ?,SNDIO,"Votre avis sur l'offre d'outils pour le développement IDE, gitlab, CI/CD, podman, sonar, compas, oscar, etc.",Non renseigné,Non renseigné,"Votre avis sur l'offre de service devops VM accès à l'offre de service et à sa documentation, facilité d'utilisation, qualité du support...",Non renseigné,Non renseigné,"Votre avis sur l'offre de service devops Kube accès à l'offre de service et à sa documentation, facilité d'utilisation, qualité du support...",Non renseigné,Non renseigné,"Votre avis sur l'outillage pour la sécurité les PES, analyzer, checkmarx, gitleaks,etc.",Non renseigné,Non renseigné,"Votre avis sur l'offre de service d'observabilité monitor Elastic, Graphana, Glowroot, etc.",Non renseigné,Non renseigné,"Votre avis sur l'animation du dev ? Séminaires du dev, devops ac, kata, dojo, retex, prestations Ippon, etc.",Non renseigné,Non renseigné,Formation & support,Non renseigné,Non renseigné,Votre avis global sur votre expérience de développeur à l'Insee,Non renseigné,Non renseigné,Si vous aviez trois choses à améliorer ce serait,"1)  Il y a un foisonnement d’informations, mais on ne sait pas quelle est la dernière information à jour. -> un 
endroit unique pour la doc -> docs obsolètes à supprimer
2) Les informations diffusées via les canaux Tchap  sont-elles  à titre informatif ou à valeur contractuelle ?
3)  Afin d’optimiser les efforts de chacun et les résultats, il serait pertinent de mutualiser les travaux entre les sndi et de confier chaque thématique à un sndi référent, plutôt que chaque SNDI dégage du temps pour chaque thématique.
4) Dans la roue de la prod, il y a un PO par service. Le PO n'est pas à l’extérieur de l'équipe. Il est parti prenante de l'équipe. Il n'y a pas de comité d’utilisateurs. Les besoins des utilisateurs ne sont pas identifiés. La prod est en mode agile partiellement. La cible serait d'avoir une prod en mode agile
",Si vous deviez lister 3 points forts,Non renseigné,Depuis un an vous diriez :,Non renseigné
Dans quel service développez-vous ?,SNDIP,"Votre avis sur l'offre d'outils pour le développement IDE, gitlab, CI/CD, podman, sonar, compas, oscar, etc.",5,Non renseigné,"Votre avis sur l'offre de service devops VM accès à l'offre de service et à sa documentation, facilité d'utilisation, qualité du support...",5,Non renseigné,"Votre avis sur l'offre de service devops Kube accès à l'offre de service et à sa documentation, facilité d'utilisation, qualité du support...",5,"Pas d'avis, je n'ai pas trop expérimenté.","Votre avis sur l'outillage pour la sécurité les PES, analyzer, checkmarx, gitleaks,etc.",4,Non renseigné,"Votre avis sur l'offre de service d'observabilité monitor Elastic, Graphana, Glowroot, etc.",5,"Pas d'avis, je ne les ai pas expérimenté","Votre avis sur l'animation du dev ? Séminaires du dev, devops ac, kata, dojo, retex, prestations Ippon, etc.",4,"Concernant les coding dojo, ils sont, de mon point de vue, destinés à un public d'experts ou de développeurs confirmés.",Formation & support,5,Non renseigné,Votre avis global sur votre expérience de développeur à l'Insee,4,"Je parle du point de vue d'un nouvel arrivant avec un background quasi nul en informatique à mon arrivée. 
L'Insee accueille vraiment bien les nouveaux et favorise les échanges entre les membres. L'équipement informatique est plutôt bon même si parfois il peut y avoir des problèmes récurrents de lenteurs liés aux antivirus.
Les échanges via Tchap sont pertinents et efficaces. Mais il manque des informations sur les responsabilités de chaque canal (ou domaine), ce qui peut prendre du temps pour savoir à qui s'adresser si on a un problème à notre arrivée (et parfois même dans le temps).
Je note que les formations dispensées en interne sont, pour la plupart, enseignées en supposant que les apprenants sont des développeurs avec une certaine expérience. Je trouve que les formations complexifient inutilement les exemples qui permettraient de saisir rapidement une notion clé à un apprenant. Par ailleurs, ces formations sont trop courtes. Ce qui me fait personnellement préférer les formations de l'IGPDE sur les mêmes thématiques.",Si vous aviez trois choses à améliorer ce serait,"Le formation
L'accompagnement des nouveaux arrivants",Si vous deviez lister 3 points forts,"La convivialité
Le matériel
Le haut niveau global du personnel de la DSI",Depuis un an vous diriez :,Que votre expérience développeur s'est améliorée
Dans quel service développez-vous ?,SNDIP,"Votre avis sur l'offre d'outils pour le développement IDE, gitlab, CI/CD, podman, sonar, compas, oscar, etc.",4,Non renseigné,"Votre avis sur l'offre de service devops VM accès à l'offre de service et à sa documentation, facilité d'utilisation, qualité du support...",4,Non renseigné,"Votre avis sur l'offre de service devops Kube accès à l'offre de service et à sa documentation, facilité d'utilisation, qualité du support...",5,Non renseigné,"Votre avis sur l'outillage pour la sécurité les PES, analyzer, checkmarx, gitleaks,etc.",4,Non renseigné,"Votre avis sur l'offre de service d'observabilité monitor Elastic, Graphana, Glowroot, etc.",4,Non renseigné,"Votre avis sur l'animation du dev ? Séminaires du dev, devops ac, kata, dojo, retex, prestations Ippon, etc.",4,Non renseigné,Formation & support,4,Non renseigné,Votre avis global sur votre expérience de développeur à l'Insee,3,Non renseigné,Si vous aviez trois choses à améliorer ce serait,"La vitesse des postes.
Le nombre de périodes de travail sans interruption.
La filière du développement : qualité du dév au delà des formations initiation",Si vous deviez lister 3 points forts,"L'ambiance globale et dans le service.
La reprise de la démarche qualité via les coding dojo.
L'équipe réseau.",Depuis un an vous diriez :,Que votre expérience développeur est la même
Dans quel service développez-vous ?,SNDIO,"Votre avis sur l'offre d'outils pour le développement IDE, gitlab, CI/CD, podman, sonar, compas, oscar, etc.",3,L'installation par le centre logiciel de l'IDE écrase les configurations personnelles. L'usage du control repo en HP reste lent pour le merge des commits.,"Votre avis sur l'offre de service devops VM accès à l'offre de service et à sa documentation, facilité d'utilisation, qualité du support...",3,Non renseigné,"Votre avis sur l'offre de service devops Kube accès à l'offre de service et à sa documentation, facilité d'utilisation, qualité du support...",Non renseigné,Non renseigné,"Votre avis sur l'outillage pour la sécurité les PES, analyzer, checkmarx, gitleaks,etc.",3,"Les pes sont parfois complexes à mettre en oeuvre. Il n'y a pas de distinction entre les applications legacy et récentes, internes et ouvertes à l'extérieur. Analyzer est un outil intéressant pour les devs.","Votre avis sur l'offre de service d'observabilité monitor Elastic, Graphana, Glowroot, etc.",2,Peu d'exemple de code sur le site documentaire. L'accompagnement n'est pas efficient pour les applications complexes. L'environnement ne correspond pas à la réalité des applications legacy et génère des problèmes ne correspondant pas à la production.,"Votre avis sur l'animation du dev ? Séminaires du dev, devops ac, kata, dojo, retex, prestations Ippon, etc.",3,Non renseigné,Formation & support,2,Non renseigné,Votre avis global sur votre expérience de développeur à l'Insee,3,Non renseigné,Si vous aviez trois choses à améliorer ce serait,"Le parcours de formation/l'accompagnement aux changements
L'animation du dev",Si vous deviez lister 3 points forts,Non renseigné,Depuis un an vous diriez :,Que votre expérience développeur s'est dégradée
Dans quel service développez-vous ?,SNDIN,"Votre avis sur l'offre d'outils pour le développement IDE, gitlab, CI/CD, podman, sonar, compas, oscar, etc.",4,Non renseigné,"Votre avis sur l'offre de service devops VM accès à l'offre de service et à sa documentation, facilité d'utilisation, qualité du support...",1,Non renseigné,"Votre avis sur l'offre de service devops Kube accès à l'offre de service et à sa documentation, facilité d'utilisation, qualité du support...",Non renseigné,Non renseigné,"Votre avis sur l'outillage pour la sécurité les PES, analyzer, checkmarx, gitleaks,etc.",2,Non renseigné,"Votre avis sur l'offre de service d'observabilité monitor Elastic, Graphana, Glowroot, etc.",Non renseigné,Non renseigné,"Votre avis sur l'animation du dev ? Séminaires du dev, devops ac, kata, dojo, retex, prestations Ippon, etc.",3,Non renseigné,Formation & support,1,Non renseigné,Votre avis global sur votre expérience de développeur à l'Insee,2,Non renseigné,Si vous aviez trois choses à améliorer ce serait,Non renseigné,Si vous deviez lister 3 points forts,Non renseigné,Depuis un an vous diriez :,Que votre expérience développeur s'est dégradée
Dans quel service développez-vous ?,SNDIP,"Votre avis sur l'offre d'outils pour le développement IDE, gitlab, CI/CD, podman, sonar, compas, oscar, etc.",4,Non renseigné,"Votre avis sur l'offre de service devops VM accès à l'offre de service et à sa documentation, facilité d'utilisation, qualité du support...",4,Non renseigné,"Votre avis sur l'offre de service devops Kube accès à l'offre de service et à sa documentation, facilité d'utilisation, qualité du support...",3,Non renseigné,"Votre avis sur l'outillage pour la sécurité les PES, analyzer, checkmarx, gitleaks,etc.",3,Non renseigné,"Votre avis sur l'offre de service d'observabilité monitor Elastic, Graphana, Glowroot, etc.",2,Non renseigné,"Votre avis sur l'animation du dev ? Séminaires du dev, devops ac, kata, dojo, retex, prestations Ippon, etc.",4,Non renseigné,Formation & support,Non renseigné,Non renseigné,Votre avis global sur votre expérience de développeur à l'Insee,Non renseigné,Non renseigné,Si vous aviez trois choses à améliorer ce serait,Non renseigné,Si vous deviez lister 3 points forts,Non renseigné,Depuis un an vous diriez :,Non renseigné
Dans quel service développez-vous ?,SNDIP,"Votre avis sur l'offre d'outils pour le développement IDE, gitlab, CI/CD, podman, sonar, compas, oscar, etc.",4,Non renseigné,"Votre avis sur l'offre de service devops VM accès à l'offre de service et à sa documentation, facilité d'utilisation, qualité du support...",4,Non renseigné,"Votre avis sur l'offre de service devops Kube accès à l'offre de service et à sa documentation, facilité d'utilisation, qualité du support...",4,Non renseigné,"Votre avis sur l'outillage pour la sécurité les PES, analyzer, checkmarx, gitleaks,etc.",3,Non renseigné,"Votre avis sur l'offre de service d'observabilité monitor Elastic, Graphana, Glowroot, etc.",Non renseigné,Non renseigné,"Votre avis sur l'animation du dev ? Séminaires du dev, devops ac, kata, dojo, retex, prestations Ippon, etc.",4,Non renseigné,Formation & support,Non renseigné,Non renseigné,Votre avis global sur votre expérience de développeur à l'Insee,4,Non renseigné,Si vous aviez trois choses à améliorer ce serait,Non renseigné,Si vous deviez lister 3 points forts,Non renseigné,Depuis un an vous diriez :,Que votre expérience développeur s'est dégradée
Dans quel service développez-vous ?,SNDIP,"Votre avis sur l'offre d'outils pour le développement IDE, gitlab, CI/CD, podman, sonar, compas, oscar, etc.",3,Non renseigné,"Votre avis sur l'offre de service devops VM accès à l'offre de service et à sa documentation, facilité d'utilisation, qualité du support...",3,Non renseigné,"Votre avis sur l'offre de service devops Kube accès à l'offre de service et à sa documentation, facilité d'utilisation, qualité du support...",3,Non renseigné,"Votre avis sur l'outillage pour la sécurité les PES, analyzer, checkmarx, gitleaks,etc.",4,Non renseigné,"Votre avis sur l'offre de service d'observabilité monitor Elastic, Graphana, Glowroot, etc.",4,Non renseigné,"Votre avis sur l'animation du dev ? Séminaires du dev, devops ac, kata, dojo, retex, prestations Ippon, etc.",4,Non renseigné,Formation & support,5,Non renseigné,Votre avis global sur votre expérience de développeur à l'Insee,3,Non renseigné,Si vous aviez trois choses à améliorer ce serait,Poste linux et autonomie de configuration de l'env de développement. Un bon artisan maitrise ses outils.,Si vous deviez lister 3 points forts,"'- l'offre kube et l'architecture zone profonde vont permettre d'envisager des architectures applicatives plus élaborées.
- la réactivité de la DSI et sa capacité à proposer du neuf est incontestable.
- les agents de l'institut engagés dans la voix info montre compétences et motivations.",Depuis un an vous diriez :,Que votre expérience développeur est la même
Dans quel service développez-vous ?,SNDIO,"Votre avis sur l'offre d'outils pour le développement IDE, gitlab, CI/CD, podman, sonar, compas, oscar, etc.",4,Non renseigné,"Votre avis sur l'offre de service devops VM accès à l'offre de service et à sa documentation, facilité d'utilisation, qualité du support...",4,"Pour les jobs disponibles dans le rundeck devops, serait-il possible d'ajouter un lien vers la documentation s'y afférent ?","Votre avis sur l'offre de service devops Kube accès à l'offre de service et à sa documentation, facilité d'utilisation, qualité du support...",Non renseigné,Non renseigné,"Votre avis sur l'outillage pour la sécurité les PES, analyzer, checkmarx, gitleaks,etc.",4,Non renseigné,"Votre avis sur l'offre de service d'observabilité monitor Elastic, Graphana, Glowroot, etc.",Non renseigné,Non renseigné,"Votre avis sur l'animation du dev ? Séminaires du dev, devops ac, kata, dojo, retex, prestations Ippon, etc.",3,"Dans certaines phases de développement ou de maintenance, il s'avère difficile de concilier l'avancement des travaux et la participation aux animations.",Formation & support,3,"Si le markdown révolutionne silencieusement la rédaction documentaire, il est parfois un peu difficile de retrouver à quel endroit se trouve la documentation.",Votre avis global sur votre expérience de développeur à l'Insee,4,"Je regrette de ne pas avoir de contact avec des développeurs d'autres ministères. J'aimerais connaitre leur expérience et leurs pratiques.
Je pense que des échanges ponctuels pourraient bénéficier à tous.",Si vous aviez trois choses à améliorer ce serait,"1. Mettre en place dans Vault, d'un espace partagé par les applications d'un même quartier, afin de ne pas être dans l'obligation de dupliquer les secrets commun à ces applications(ex : secret Keycloak pour l'accès en localhost).
2. Mieux sensibiliser les équipes métiers à la juste gestion des ressources.
3. Organiser la documentation et ajouter des liens au plus proche des usages.",Si vous deviez lister 3 points forts,"1. Notre esprit d'équipe,
2. La possibilité d'avoir des formations, des accompagnements.",Depuis un an vous diriez :,Que votre expérience développeur est la même
Dans quel service développez-vous ?,SNDIP,"Votre avis sur l'offre d'outils pour le développement IDE, gitlab, CI/CD, podman, sonar, compas, oscar, etc.",5,"Je n'utilise pas ou très peu podman, compas et oscar","Votre avis sur l'offre de service devops VM accès à l'offre de service et à sa documentation, facilité d'utilisation, qualité du support...",Non renseigné,Non renseigné,"Votre avis sur l'offre de service devops Kube accès à l'offre de service et à sa documentation, facilité d'utilisation, qualité du support...",5,Non renseigné,"Votre avis sur l'outillage pour la sécurité les PES, analyzer, checkmarx, gitleaks,etc.",5,Non renseigné,"Votre avis sur l'offre de service d'observabilité monitor Elastic, Graphana, Glowroot, etc.",Non renseigné,Non renseigné,"Votre avis sur l'animation du dev ? Séminaires du dev, devops ac, kata, dojo, retex, prestations Ippon, etc.",5,Non renseigné,Formation & support,5,Non renseigné,Votre avis global sur votre expérience de développeur à l'Insee,5,Non renseigné,Si vous aviez trois choses à améliorer ce serait,"'- Centralisation de la doc des différentes équipes ou annuaire de redirection vers les différents sites
",Si vous deviez lister 3 points forts,Non renseigné,Depuis un an vous diriez :,Que votre expérience développeur s'est améliorée
Dans quel service développez-vous ?,Non renseigné,"Votre avis sur l'offre d'outils pour le développement IDE, gitlab, CI/CD, podman, sonar, compas, oscar, etc.",Non renseigné,Non renseigné,"Votre avis sur l'offre de service devops VM accès à l'offre de service et à sa documentation, facilité d'utilisation, qualité du support...",Non renseigné,Non renseigné,"Votre avis sur l'offre de service devops Kube accès à l'offre de service et à sa documentation, facilité d'utilisation, qualité du support...",Non renseigné,Non renseigné,"Votre avis sur l'outillage pour la sécurité les PES, analyzer, checkmarx, gitleaks,etc.",Non renseigné,Non renseigné,"Votre avis sur l'offre de service d'observabilité monitor Elastic, Graphana, Glowroot, etc.",Non renseigné,Non renseigné,"Votre avis sur l'animation du dev ? Séminaires du dev, devops ac, kata, dojo, retex, prestations Ippon, etc.",Non renseigné,Non renseigné,Formation & support,Non renseigné,Non renseigné,Votre avis global sur votre expérience de développeur à l'Insee,Non renseigné,Non renseigné,Si vous aviez trois choses à améliorer ce serait,Non renseigné,Si vous deviez lister 3 points forts,Non renseigné,Depuis un an vous diriez :,Non renseigné
Dans quel service développez-vous ?,Non renseigné,"Votre avis sur l'offre d'outils pour le développement IDE, gitlab, CI/CD, podman, sonar, compas, oscar, etc.",Non renseigné,Non renseigné,"Votre avis sur l'offre de service devops VM accès à l'offre de service et à sa documentation, facilité d'utilisation, qualité du support...",Non renseigné,Non renseigné,"Votre avis sur l'offre de service devops Kube accès à l'offre de service et à sa documentation, facilité d'utilisation, qualité du support...",Non renseigné,Non renseigné,"Votre avis sur l'outillage pour la sécurité les PES, analyzer, checkmarx, gitleaks,etc.",Non renseigné,Non renseigné,"Votre avis sur l'offre de service d'observabilité monitor Elastic, Graphana, Glowroot, etc.",Non renseigné,Non renseigné,"Votre avis sur l'animation du dev ? Séminaires du dev, devops ac, kata, dojo, retex, prestations Ippon, etc.",Non renseigné,Non renseigné,Formation & support,Non renseigné,Non renseigné,Votre avis global sur votre expérience de développeur à l'Insee,Non renseigné,Non renseigné,Si vous aviez trois choses à améliorer ce serait,Non renseigné,Si vous deviez lister 3 points forts,Non renseigné,Depuis un an vous diriez :,Non renseigné
Dans quel service développez-vous ?,SNDIP,"Votre avis sur l'offre d'outils pour le développement IDE, gitlab, CI/CD, podman, sonar, compas, oscar, etc.",Non renseigné,Non renseigné,"Votre avis sur l'offre de service devops VM accès à l'offre de service et à sa documentation, facilité d'utilisation, qualité du support...",Non renseigné,Non renseigné,"Votre avis sur l'offre de service devops Kube accès à l'offre de service et à sa documentation, facilité d'utilisation, qualité du support...",Non renseigné,Non renseigné,"Votre avis sur l'outillage pour la sécurité les PES, analyzer, checkmarx, gitleaks,etc.",Non renseigné,Non renseigné,"Votre avis sur l'offre de service d'observabilité monitor Elastic, Graphana, Glowroot, etc.",Non renseigné,Non renseigné,"Votre avis sur l'animation du dev ? Séminaires du dev, devops ac, kata, dojo, retex, prestations Ippon, etc.",Non renseigné,Non renseigné,Formation & support,Non renseigné,Non renseigné,Votre avis global sur votre expérience de développeur à l'Insee,Non renseigné,Non renseigné,Si vous aviez trois choses à améliorer ce serait,Non renseigné,Si vous deviez lister 3 points forts,Non renseigné,Depuis un an vous diriez :,Non renseigné
Dans quel service développez-vous ?,SNDIO,"Votre avis sur l'offre d'outils pour le développement IDE, gitlab, CI/CD, podman, sonar, compas, oscar, etc.",4,Non renseigné,"Votre avis sur l'offre de service devops VM accès à l'offre de service et à sa documentation, facilité d'utilisation, qualité du support...",3,Non renseigné,"Votre avis sur l'offre de service devops Kube accès à l'offre de service et à sa documentation, facilité d'utilisation, qualité du support...",3,Non renseigné,"Votre avis sur l'outillage pour la sécurité les PES, analyzer, checkmarx, gitleaks,etc.",3,Non renseigné,"Votre avis sur l'offre de service d'observabilité monitor Elastic, Graphana, Glowroot, etc.",3,Non renseigné,"Votre avis sur l'animation du dev ? Séminaires du dev, devops ac, kata, dojo, retex, prestations Ippon, etc.",3,Non renseigné,Formation & support,4,Non renseigné,Votre avis global sur votre expérience de développeur à l'Insee,3,Non renseigné,Si vous aviez trois choses à améliorer ce serait,Non renseigné,Si vous deviez lister 3 points forts,Non renseigné,Depuis un an vous diriez :,Non renseigné
